year,region,sex,age,persons
2010,aus,female,0,144664
2010,aus,female,1,142837
2010,aus,female,2,142144
2010,aus,female,3,139506
2010,aus,female,4,138539
2010,aus,female,5,134034
2010,aus,female,6,132246
2010,aus,female,7,131390
2010,aus,female,8,131455
2010,aus,female,9,133147
2010,aus,female,10,134150
2010,aus,female,11,134342
2010,aus,female,12,133981
2010,aus,female,13,135880
2010,aus,female,14,136132
2010,aus,female,15,139145
2010,aus,female,16,138970
2010,aus,female,17,140235
2010,aus,female,18,143032
2010,aus,female,19,149345
2010,aus,female,20,154423
2010,aus,female,21,154739
2010,aus,female,22,154890
2010,aus,female,23,157183
2010,aus,female,24,159751
2010,aus,female,25,162068
2010,aus,female,26,161397
2010,aus,female,27,161898
2010,aus,female,28,158695
2010,aus,female,29,156829
2010,aus,female,30,152755
2010,aus,female,31,150404
2010,aus,female,32,148230
2010,aus,female,33,148194
2010,aus,female,34,149038
2010,aus,female,35,151623
2010,aus,female,36,155729
2010,aus,female,37,160560
2010,aus,female,38,167723
2010,aus,female,39,170604
2010,aus,female,40,160907
2010,aus,female,41,159379
2010,aus,female,42,153224
2010,aus,female,43,150333
2010,aus,female,44,150405
2010,aus,female,45,152475
2010,aus,female,46,156573
2010,aus,female,47,158778
2010,aus,female,48,158341
2010,aus,female,49,158070
2010,aus,female,50,153292
2010,aus,female,51,150580
2010,aus,female,52,147447
2010,aus,female,53,143942
2010,aus,female,54,141568
2010,aus,female,55,138188
2010,aus,female,56,134152
2010,aus,female,57,132738
2010,aus,female,58,127984
2010,aus,female,59,126564
2010,aus,female,60,124281
2010,aus,female,61,120500
2010,aus,female,62,121018
2010,aus,female,63,125586
2010,aus,female,64,105961
2010,aus,female,65,102511
2010,aus,female,66,97988
2010,aus,female,67,88757
2010,aus,female,68,86697
2010,aus,female,69,81201
2010,aus,female,70,78303
2010,aus,female,71,75342
2010,aus,female,72,71540
2010,aus,female,73,68864
2010,aus,female,74,66815
2010,aus,female,75,63246
2010,aus,female,76,60096
2010,aus,female,77,58557
2010,aus,female,78,56731
2010,aus,female,79,57415
2010,aus,female,80,55623
2010,aus,female,81,52731
2010,aus,female,82,50552
2010,aus,female,83,47181
2010,aus,female,84,44566
2010,aus,female,85,41343
2010,aus,female,86,37101
2010,aus,female,87,33209
2010,aus,female,88,29724
2010,aus,female,89,25568
2010,aus,female,90,20650
2010,aus,female,91,15091
2010,aus,female,92,12619
2010,aus,female,93,10502
2010,aus,female,94,8256
2010,aus,female,95,6638
2010,aus,female,96,4756
2010,aus,female,97,3319
2010,aus,female,98,2289
2010,aus,female,99,1527
2010,aus,female,100,2418
2010,aus,male,0,152773
2010,aus,male,1,150573
2010,aus,male,2,149392
2010,aus,male,3,147633
2010,aus,male,4,145951
2010,aus,male,5,142049
2010,aus,male,6,139854
2010,aus,male,7,137922
2010,aus,male,8,137848
2010,aus,male,9,140237
2010,aus,male,10,140433
2010,aus,male,11,141070
2010,aus,male,12,141551
2010,aus,male,13,142884
2010,aus,male,14,144081
2010,aus,male,15,147354
2010,aus,male,16,146978
2010,aus,male,17,147964
2010,aus,male,18,150568
2010,aus,male,19,156457
2010,aus,male,20,163224
2010,aus,male,21,163174
2010,aus,male,22,163172
2010,aus,male,23,165837
2010,aus,male,24,168661
2010,aus,male,25,169015
2010,aus,male,26,167310
2010,aus,male,27,167449
2010,aus,male,28,162884
2010,aus,male,29,159711
2010,aus,male,30,154197
2010,aus,male,31,151150
2010,aus,male,32,148036
2010,aus,male,33,147820
2010,aus,male,34,148373
2010,aus,male,35,150829
2010,aus,male,36,153988
2010,aus,male,37,158001
2010,aus,male,38,164585
2010,aus,male,39,166904
2010,aus,male,40,159027
2010,aus,male,41,156468
2010,aus,male,42,151063
2010,aus,male,43,148254
2010,aus,male,44,148042
2010,aus,male,45,149489
2010,aus,male,46,154198
2010,aus,male,47,155618
2010,aus,male,48,156226
2010,aus,male,49,155036
2010,aus,male,50,149973
2010,aus,male,51,147836
2010,aus,male,52,144103
2010,aus,male,53,141595
2010,aus,male,54,140247
2010,aus,male,55,135456
2010,aus,male,56,131310
2010,aus,male,57,130515
2010,aus,male,58,126550
2010,aus,male,59,124946
2010,aus,male,60,123008
2010,aus,male,61,119820
2010,aus,male,62,121483
2010,aus,male,63,125896
2010,aus,male,64,106831
2010,aus,male,65,101678
2010,aus,male,66,96786
2010,aus,male,67,87187
2010,aus,male,68,85844
2010,aus,male,69,79746
2010,aus,male,70,76802
2010,aus,male,71,72695
2010,aus,male,72,68395
2010,aus,male,73,65288
2010,aus,male,74,60850
2010,aus,male,75,55798
2010,aus,male,76,52936
2010,aus,male,77,50226
2010,aus,male,78,47819
2010,aus,male,79,46984
2010,aus,male,80,44405
2010,aus,male,81,40631
2010,aus,male,82,37488
2010,aus,male,83,33628
2010,aus,male,84,30179
2010,aus,male,85,26167
2010,aus,male,86,22243
2010,aus,male,87,18802
2010,aus,male,88,16090
2010,aus,male,89,12896
2010,aus,male,90,10175
2010,aus,male,91,6772
2010,aus,male,92,5189
2010,aus,male,93,4091
2010,aus,male,94,3042
2010,aus,male,95,2110
2010,aus,male,96,1478
2010,aus,male,97,1018
2010,aus,male,98,592
2010,aus,male,99,394
2010,aus,male,100,525
2011,aus,female,0,141370
2011,aus,female,1,143250
2011,aus,female,2,142664
2011,aus,female,3,142261
2011,aus,female,4,140042
2011,aus,female,5,140424
2011,aus,female,6,135789
2011,aus,female,7,133778
2011,aus,female,8,132800
2011,aus,female,9,132638
2011,aus,female,10,134241
2011,aus,female,11,135020
2011,aus,female,12,135369
2011,aus,female,13,134869
2011,aus,female,14,136823
2011,aus,female,15,137200
2011,aus,female,16,140445
2011,aus,female,17,140430
2011,aus,female,18,142483
2011,aus,female,19,146302
2011,aus,female,20,153141
2011,aus,female,21,157922
2011,aus,female,22,158050
2011,aus,female,23,158953
2011,aus,female,24,160127
2011,aus,female,25,162070
2011,aus,female,26,164517
2011,aus,female,27,164276
2011,aus,female,28,164858
2011,aus,female,29,161365
2011,aus,female,30,159796
2011,aus,female,31,154884
2011,aus,female,32,152299
2011,aus,female,33,150079
2011,aus,female,34,149892
2011,aus,female,35,150437
2011,aus,female,36,153143
2011,aus,female,37,157159
2011,aus,female,38,161766
2011,aus,female,39,169201
2011,aus,female,40,172268
2011,aus,female,41,162190
2011,aus,female,42,160747
2011,aus,female,43,154234
2011,aus,female,44,151057
2011,aus,female,45,150860
2011,aus,female,46,152792
2011,aus,female,47,156716
2011,aus,female,48,158875
2011,aus,female,49,158447
2011,aus,female,50,158425
2011,aus,female,51,153354
2011,aus,female,52,150907
2011,aus,female,53,147676
2011,aus,female,54,144074
2011,aus,female,55,141654
2011,aus,female,56,138267
2011,aus,female,57,134090
2011,aus,female,58,132341
2011,aus,female,59,127572
2011,aus,female,60,126033
2011,aus,female,61,123657
2011,aus,female,62,119844
2011,aus,female,63,120371
2011,aus,female,64,124897
2011,aus,female,65,105612
2011,aus,female,66,102186
2011,aus,female,67,97632
2011,aus,female,68,88353
2011,aus,female,69,86224
2011,aus,female,70,80543
2011,aus,female,71,77532
2011,aus,female,72,74316
2011,aus,female,73,70426
2011,aus,female,74,67558
2011,aus,female,75,65895
2011,aus,female,76,62244
2011,aus,female,77,59049
2011,aus,female,78,57418
2011,aus,female,79,55324
2011,aus,female,80,55872
2011,aus,female,81,53719
2011,aus,female,82,50708
2011,aus,female,83,48347
2011,aus,female,84,44814
2011,aus,female,85,41815
2011,aus,female,86,38461
2011,aus,female,87,34237
2011,aus,female,88,30248
2011,aus,female,89,26574
2011,aus,female,90,22481
2011,aus,female,91,17705
2011,aus,female,92,12718
2011,aus,female,93,10416
2011,aus,female,94,8452
2011,aus,female,95,6442
2011,aus,female,96,5091
2011,aus,female,97,3444
2011,aus,female,98,2377
2011,aus,female,99,1576
2011,aus,female,100,2500
2011,aus,male,0,149027
2011,aus,male,1,151366
2011,aus,male,2,150320
2011,aus,male,3,149673
2011,aus,male,4,148141
2011,aus,male,5,148229
2011,aus,male,6,144049
2011,aus,male,7,141402
2011,aus,male,8,139417
2011,aus,male,9,139108
2011,aus,male,10,141445
2011,aus,male,11,141421
2011,aus,male,12,142100
2011,aus,male,13,142585
2011,aus,male,14,143992
2011,aus,male,15,145265
2011,aus,male,16,148891
2011,aus,male,17,148744
2011,aus,male,18,150442
2011,aus,male,19,153257
2011,aus,male,20,159078
2011,aus,male,21,165562
2011,aus,male,22,165309
2011,aus,male,23,165991
2011,aus,male,24,167530
2011,aus,male,25,169468
2011,aus,male,26,169736
2011,aus,male,27,168334
2011,aus,male,28,168837
2011,aus,male,29,164709
2011,aus,male,30,161964
2011,aus,male,31,155898
2011,aus,male,32,152785
2011,aus,male,33,149373
2011,aus,male,34,149191
2011,aus,male,35,149645
2011,aus,male,36,152132
2011,aus,male,37,155299
2011,aus,male,38,159131
2011,aus,male,39,165997
2011,aus,male,40,168239
2011,aus,male,41,160004
2011,aus,male,42,157549
2011,aus,male,43,152125
2011,aus,male,44,148831
2011,aus,male,45,148328
2011,aus,male,46,149725
2011,aus,male,47,154192
2011,aus,male,48,155625
2011,aus,male,49,156277
2011,aus,male,50,155388
2011,aus,male,51,150059
2011,aus,male,52,148242
2011,aus,male,53,144347
2011,aus,male,54,141591
2011,aus,male,55,140047
2011,aus,male,56,135211
2011,aus,male,57,130958
2011,aus,male,58,129906
2011,aus,male,59,125947
2011,aus,male,60,124329
2011,aus,male,61,122104
2011,aus,male,62,119089
2011,aus,male,63,120640
2011,aus,male,64,125036
2011,aus,male,65,105917
2011,aus,male,66,100885
2011,aus,male,67,95977
2011,aus,male,68,86379
2011,aus,male,69,85095
2011,aus,male,70,78811
2011,aus,male,71,75721
2011,aus,male,72,71654
2011,aus,male,73,67211
2011,aus,male,74,63899
2011,aus,male,75,59213
2011,aus,male,76,54156
2011,aus,male,77,51134
2011,aus,male,78,48253
2011,aus,male,79,45655
2011,aus,male,80,44694
2011,aus,male,81,41975
2011,aus,male,82,38139
2011,aus,male,83,34802
2011,aus,male,84,30962
2011,aus,male,85,27482
2011,aus,male,86,23461
2011,aus,male,87,19744
2011,aus,male,88,16374
2011,aus,male,89,13877
2011,aus,male,90,10891
2011,aus,male,91,8273
2011,aus,male,92,5406
2011,aus,male,93,4063
2011,aus,male,94,3088
2011,aus,male,95,2257
2011,aus,male,96,1531
2011,aus,male,97,1007
2011,aus,male,98,667
2011,aus,male,99,397
2011,aus,male,100,552
2012,aus,female,0,148029
2012,aus,female,1,143649
2012,aus,female,2,145990
2012,aus,female,3,144948
2012,aus,female,4,144852
2012,aus,female,5,142675
2012,aus,female,6,141860
2012,aus,female,7,136936
2012,aus,female,8,134803
2012,aus,female,9,133905
2012,aus,female,10,133689
2012,aus,female,11,135294
2012,aus,female,12,136184
2012,aus,female,13,136346
2012,aus,female,14,135948
2012,aus,female,15,138014
2012,aus,female,16,139073
2012,aus,female,17,142898
2012,aus,female,18,143855
2012,aus,female,19,146824
2012,aus,female,20,150783
2012,aus,female,21,157462
2012,aus,female,22,162347
2012,aus,female,23,163227
2012,aus,female,24,163808
2012,aus,female,25,164428
2012,aus,female,26,167087
2012,aus,female,27,168898
2012,aus,female,28,168915
2012,aus,female,29,169428
2012,aus,female,30,165422
2012,aus,female,31,162793
2012,aus,female,32,157275
2012,aus,female,33,154431
2012,aus,female,34,151992
2012,aus,female,35,151710
2012,aus,female,36,152340
2012,aus,female,37,154651
2012,aus,female,38,158797
2012,aus,female,39,163523
2012,aus,female,40,170735
2012,aus,female,41,173915
2012,aus,female,42,163468
2012,aus,female,43,161901
2012,aus,female,44,155639
2012,aus,female,45,152023
2012,aus,female,46,151906
2012,aus,female,47,153342
2012,aus,female,48,157544
2012,aus,female,49,159434
2012,aus,female,50,158844
2012,aus,female,51,158728
2012,aus,female,52,153556
2012,aus,female,53,150702
2012,aus,female,54,147735
2012,aus,female,55,144001
2012,aus,female,56,141541
2012,aus,female,57,137873
2012,aus,female,58,134058
2012,aus,female,59,132251
2012,aus,female,60,127440
2012,aus,female,61,126012
2012,aus,female,62,123467
2012,aus,female,63,119571
2012,aus,female,64,120035
2012,aus,female,65,124178
2012,aus,female,66,104886
2012,aus,female,67,101168
2012,aus,female,68,96629
2012,aus,female,69,87369
2012,aus,female,70,85286
2012,aus,female,71,79672
2012,aus,female,72,76636
2012,aus,female,73,73336
2012,aus,female,74,69523
2012,aus,female,75,66572
2012,aus,female,76,64528
2012,aus,female,77,60689
2012,aus,female,78,57450
2012,aus,female,79,55753
2012,aus,female,80,53483
2012,aus,female,81,53711
2012,aus,female,82,51494
2012,aus,female,83,48188
2012,aus,female,84,45635
2012,aus,female,85,42135
2012,aus,female,86,38888
2012,aus,female,87,35291
2012,aus,female,88,31083
2012,aus,female,89,27079
2012,aus,female,90,23416
2012,aus,female,91,19423
2012,aus,female,92,14989
2012,aus,female,93,10551
2012,aus,female,94,8546
2012,aus,female,95,6683
2012,aus,female,96,4912
2012,aus,female,97,3735
2012,aus,female,98,2486
2012,aus,female,99,1653
2012,aus,female,100,2620
2012,aus,male,0,156689
2012,aus,male,1,151351
2012,aus,male,2,153940
2012,aus,male,3,152827
2012,aus,male,4,152415
2012,aus,male,5,150939
2012,aus,male,6,149781
2012,aus,male,7,145136
2012,aus,male,8,142746
2012,aus,male,9,140610
2012,aus,male,10,140316
2012,aus,male,11,142659
2012,aus,male,12,142619
2012,aus,male,13,143227
2012,aus,male,14,143631
2012,aus,male,15,145048
2012,aus,male,16,146915
2012,aus,male,17,151306
2012,aus,male,18,151992
2012,aus,male,19,154379
2012,aus,male,20,157511
2012,aus,male,21,163335
2012,aus,male,22,170006
2012,aus,male,23,169943
2012,aus,male,24,170356
2012,aus,male,25,170843
2012,aus,male,26,172715
2012,aus,male,27,172646
2012,aus,male,28,171586
2012,aus,male,29,172222
2012,aus,male,30,168088
2012,aus,male,31,164808
2012,aus,male,32,158485
2012,aus,male,33,154908
2012,aus,male,34,151692
2012,aus,male,35,151437
2012,aus,male,36,152049
2012,aus,male,37,154130
2012,aus,male,38,157424
2012,aus,male,39,161022
2012,aus,male,40,167349
2012,aus,male,41,169485
2012,aus,male,42,160846
2012,aus,male,43,158097
2012,aus,male,44,152776
2012,aus,male,45,149347
2012,aus,male,46,149118
2012,aus,male,47,150076
2012,aus,male,48,154794
2012,aus,male,49,156165
2012,aus,male,50,156466
2012,aus,male,51,155470
2012,aus,male,52,150085
2012,aus,male,53,147853
2012,aus,male,54,143993
2012,aus,male,55,140973
2012,aus,male,56,139459
2012,aus,male,57,134214
2012,aus,male,58,130147
2012,aus,male,59,129178
2012,aus,male,60,125359
2012,aus,male,61,123842
2012,aus,male,62,121516
2012,aus,male,63,118530
2012,aus,male,64,119932
2012,aus,male,65,123979
2012,aus,male,66,104706
2012,aus,male,67,99573
2012,aus,male,68,94608
2012,aus,male,69,84941
2012,aus,male,70,83577
2012,aus,male,71,77260
2012,aus,male,72,74026
2012,aus,male,73,69763
2012,aus,male,74,65397
2012,aus,male,75,61995
2012,aus,male,76,57402
2012,aus,male,77,52187
2012,aus,male,78,49054
2012,aus,male,79,46092
2012,aus,male,80,43406
2012,aus,male,81,42210
2012,aus,male,82,39377
2012,aus,male,83,35515
2012,aus,male,84,32074
2012,aus,male,85,28246
2012,aus,male,86,24809
2012,aus,male,87,20827
2012,aus,male,88,17405
2012,aus,male,89,14095
2012,aus,male,90,11740
2012,aus,male,91,9003
2012,aus,male,92,6759
2012,aus,male,93,4261
2012,aus,male,94,3136
2012,aus,male,95,2292
2012,aus,male,96,1640
2012,aus,male,97,1079
2012,aus,male,98,681
2012,aus,male,99,447
2012,aus,male,100,615
2013,aus,female,0,150574
2013,aus,female,1,149164
2013,aus,female,2,146286
2013,aus,female,3,148397
2013,aus,female,4,147114
2013,aus,female,5,147182
2013,aus,female,6,145067
2013,aus,female,7,143088
2013,aus,female,8,137887
2013,aus,female,9,135792
2013,aus,female,10,134912
2013,aus,female,11,134534
2013,aus,female,12,136260
2013,aus,female,13,137230
2013,aus,female,14,137151
2013,aus,female,15,137168
2013,aus,female,16,139719
2013,aus,female,17,141262
2013,aus,female,18,146742
2013,aus,female,19,149069
2013,aus,female,20,151622
2013,aus,female,21,155406
2013,aus,female,22,162240
2013,aus,female,23,168806
2013,aus,female,24,168078
2013,aus,female,25,168759
2013,aus,female,26,169437
2013,aus,female,27,172280
2013,aus,female,28,173623
2013,aus,female,29,173251
2013,aus,female,30,173306
2013,aus,female,31,168162
2013,aus,female,32,165181
2013,aus,female,33,159529
2013,aus,female,34,156227
2013,aus,female,35,153696
2013,aus,female,36,153250
2013,aus,female,37,154046
2013,aus,female,38,156006
2013,aus,female,39,160258
2013,aus,female,40,164827
2013,aus,female,41,171983
2013,aus,female,42,175138
2013,aus,female,43,164415
2013,aus,female,44,162843
2013,aus,female,45,156662
2013,aus,female,46,152950
2013,aus,female,47,152674
2013,aus,female,48,153647
2013,aus,female,49,158111
2013,aus,female,50,159852
2013,aus,female,51,159124
2013,aus,female,52,158863
2013,aus,female,53,153784
2013,aus,female,54,150554
2013,aus,female,55,147776
2013,aus,female,56,143867
2013,aus,female,57,141403
2013,aus,female,58,137534
2013,aus,female,59,133904
2013,aus,female,60,132063
2013,aus,female,61,127394
2013,aus,female,62,126025
2013,aus,female,63,123241
2013,aus,female,64,119221
2013,aus,female,65,119592
2013,aus,female,66,123402
2013,aus,female,67,104128
2013,aus,female,68,100142
2013,aus,female,69,95605
2013,aus,female,70,86368
2013,aus,female,71,84413
2013,aus,female,72,78920
2013,aus,female,73,75736
2013,aus,female,74,72479
2013,aus,female,75,68583
2013,aus,female,76,65484
2013,aus,female,77,63140
2013,aus,female,78,58963
2013,aus,female,79,55783
2013,aus,female,80,53916
2013,aus,female,81,51522
2013,aus,female,82,51520
2013,aus,female,83,49041
2013,aus,female,84,45379
2013,aus,female,85,42766
2013,aus,female,86,39176
2013,aus,female,87,35753
2013,aus,female,88,32014
2013,aus,female,89,27903
2013,aus,female,90,24020
2013,aus,female,91,20315
2013,aus,female,92,16608
2013,aus,female,93,12435
2013,aus,female,94,8497
2013,aus,female,95,6775
2013,aus,female,96,5185
2013,aus,female,97,3623
2013,aus,female,98,2686
2013,aus,female,99,1747
2013,aus,female,100,2729
2013,aus,male,0,159365
2013,aus,male,1,157765
2013,aus,male,2,154130
2013,aus,male,3,156387
2013,aus,male,4,155193
2013,aus,male,5,154963
2013,aus,male,6,153492
2013,aus,male,7,151078
2013,aus,male,8,146165
2013,aus,male,9,143922
2013,aus,male,10,141633
2013,aus,male,11,141323
2013,aus,male,12,143792
2013,aus,male,13,143726
2013,aus,male,14,144354
2013,aus,male,15,144829
2013,aus,male,16,146542
2013,aus,male,17,148965
2013,aus,male,18,154967
2013,aus,male,19,157059
2013,aus,male,20,158860
2013,aus,male,21,162086
2013,aus,male,22,168599
2013,aus,male,23,175687
2013,aus,male,24,174278
2013,aus,male,25,174145
2013,aus,male,26,173939
2013,aus,male,27,176038
2013,aus,male,28,175621
2013,aus,male,29,174971
2013,aus,male,30,175423
2013,aus,male,31,170556
2013,aus,male,32,166965
2013,aus,male,33,160560
2013,aus,male,34,156646
2013,aus,male,35,153481
2013,aus,male,36,153138
2013,aus,male,37,153968
2013,aus,male,38,155705
2013,aus,male,39,159256
2013,aus,male,40,162238
2013,aus,male,41,168448
2013,aus,male,42,170067
2013,aus,male,43,161178
2013,aus,male,44,158230
2013,aus,male,45,153109
2013,aus,male,46,149487
2013,aus,male,47,149573
2013,aus,male,48,150172
2013,aus,male,49,155114
2013,aus,male,50,156422
2013,aus,male,51,156419
2013,aus,male,52,155274
2013,aus,male,53,149764
2013,aus,male,54,147252
2013,aus,male,55,143446
2013,aus,male,56,140255
2013,aus,male,57,138762
2013,aus,male,58,133120
2013,aus,male,59,129142
2013,aus,male,60,128258
2013,aus,male,61,124735
2013,aus,male,62,123328
2013,aus,male,63,120887
2013,aus,male,64,117883
2013,aus,male,65,119124
2013,aus,male,66,122793
2013,aus,male,67,103546
2013,aus,male,68,98157
2013,aus,male,69,93187
2013,aus,male,70,83527
2013,aus,male,71,82117
2013,aus,male,72,75716
2013,aus,male,73,72253
2013,aus,male,74,67848
2013,aus,male,75,63455
2013,aus,male,76,59985
2013,aus,male,77,55497
2013,aus,male,78,50228
2013,aus,male,79,47004
2013,aus,male,80,43858
2013,aus,male,81,41070
2013,aus,male,82,39614
2013,aus,male,83,36761
2013,aus,male,84,32764
2013,aus,male,85,29349
2013,aus,male,86,25486
2013,aus,male,87,22243
2013,aus,male,88,18374
2013,aus,male,89,15049
2013,aus,male,90,12020
2013,aus,male,91,9796
2013,aus,male,92,7343
2013,aus,male,93,5387
2013,aus,male,94,3359
2013,aus,male,95,2425
2013,aus,male,96,1668
2013,aus,male,97,1166
2013,aus,male,98,727
2013,aus,male,99,459
2013,aus,male,100,675
2014,aus,female,0,149161
2014,aus,female,1,151391
2014,aus,female,2,150569
2014,aus,female,3,148535
2014,aus,female,4,150567
2014,aus,female,5,148994
2014,aus,female,6,149051
2014,aus,female,7,147113
2014,aus,female,8,144058
2014,aus,female,9,138585
2014,aus,female,10,136463
2014,aus,female,11,135613
2014,aus,female,12,135214
2014,aus,female,13,137085
2014,aus,female,14,138178
2014,aus,female,15,138123
2014,aus,female,16,138820
2014,aus,female,17,141715
2014,aus,female,18,145254
2014,aus,female,19,152408
2014,aus,female,20,154214
2014,aus,female,21,156320
2014,aus,female,22,160294
2014,aus,female,23,168894
2014,aus,female,24,173728
2014,aus,female,25,172397
2014,aus,female,26,173319
2014,aus,female,27,173922
2014,aus,female,28,176828
2014,aus,female,29,177099
2014,aus,female,30,176631
2014,aus,female,31,175587
2014,aus,female,32,170128
2014,aus,female,33,167056
2014,aus,female,34,161095
2014,aus,female,35,157456
2014,aus,female,36,154905
2014,aus,female,37,154137
2014,aus,female,38,155198
2014,aus,female,39,156855
2014,aus,female,40,161398
2014,aus,female,41,165712
2014,aus,female,42,172781
2014,aus,female,43,176035
2014,aus,female,44,165061
2014,aus,female,45,163326
2014,aus,female,46,157354
2014,aus,female,47,153394
2014,aus,female,48,153160
2014,aus,female,49,153754
2014,aus,female,50,158560
2014,aus,female,51,160062
2014,aus,female,52,159195
2014,aus,female,53,158829
2014,aus,female,54,153756
2014,aus,female,55,150194
2014,aus,female,56,147632
2014,aus,female,57,143650
2014,aus,female,58,141119
2014,aus,female,59,137067
2014,aus,female,60,133638
2014,aus,female,61,131838
2014,aus,female,62,127172
2014,aus,female,63,125804
2014,aus,female,64,122938
2014,aus,female,65,118721
2014,aus,female,66,119106
2014,aus,female,67,122570
2014,aus,female,68,103312
2014,aus,female,69,98983
2014,aus,female,70,94436
2014,aus,female,71,85251
2014,aus,female,72,83419
2014,aus,female,73,77989
2014,aus,female,74,74657
2014,aus,female,75,71358
2014,aus,female,76,67490
2014,aus,female,77,64359
2014,aus,female,78,61512
2014,aus,female,79,57241
2014,aus,female,80,53915
2014,aus,female,81,51934
2014,aus,female,82,49433
2014,aus,female,83,49066
2014,aus,female,84,46367
2014,aus,female,85,42517
2014,aus,female,86,39779
2014,aus,female,87,36101
2014,aus,female,88,32631
2014,aus,female,89,28745
2014,aus,female,90,24688
2014,aus,female,91,20870
2014,aus,female,92,17381
2014,aus,female,93,13945
2014,aus,female,94,10288
2014,aus,female,95,6846
2014,aus,female,96,5267
2014,aus,female,97,3927
2014,aus,female,98,2581
2014,aus,female,99,1854
2014,aus,female,100,2872
2014,aus,male,0,157172
2014,aus,male,1,160025
2014,aus,male,2,159012
2014,aus,male,3,156510
2014,aus,male,4,158489
2014,aus,male,5,157298
2014,aus,male,6,157033
2014,aus,male,7,155646
2014,aus,male,8,152080
2014,aus,male,9,146942
2014,aus,male,10,144888
2014,aus,male,11,142464
2014,aus,male,12,142156
2014,aus,male,13,144729
2014,aus,male,14,144701
2014,aus,male,15,145455
2014,aus,male,16,146302
2014,aus,male,17,148065
2014,aus,male,18,152993
2014,aus,male,19,161574
2014,aus,male,20,163016
2014,aus,male,21,163898
2014,aus,male,22,167366
2014,aus,male,23,174303
2014,aus,male,24,179600
2014,aus,male,25,176437
2014,aus,male,26,176068
2014,aus,male,27,175396
2014,aus,male,28,177780
2014,aus,male,29,176939
2014,aus,male,30,176589
2014,aus,male,31,176361
2014,aus,male,32,171454
2014,aus,male,33,168034
2014,aus,male,34,161614
2014,aus,male,35,157194
2014,aus,male,36,154353
2014,aus,male,37,153744
2014,aus,male,38,154866
2014,aus,male,39,156341
2014,aus,male,40,160298
2014,aus,male,41,162790
2014,aus,male,42,168682
2014,aus,male,43,169957
2014,aus,male,44,160833
2014,aus,male,45,157784
2014,aus,male,46,152845
2014,aus,male,47,149133
2014,aus,male,48,149474
2014,aus,male,49,149674
2014,aus,male,50,154976
2014,aus,male,51,156197
2014,aus,male,52,156039
2014,aus,male,53,154779
2014,aus,male,54,149241
2014,aus,male,55,146313
2014,aus,male,56,142610
2014,aus,male,57,139270
2014,aus,male,58,137724
2014,aus,male,59,131843
2014,aus,male,60,128024
2014,aus,male,61,127153
2014,aus,male,62,123816
2014,aus,male,63,122692
2014,aus,male,64,120115
2014,aus,male,65,116996
2014,aus,male,66,118072
2014,aus,male,67,121527
2014,aus,male,68,102242
2014,aus,male,69,96591
2014,aus,male,70,91673
2014,aus,male,71,81948
2014,aus,male,72,80532
2014,aus,male,73,74006
2014,aus,male,74,70375
2014,aus,male,75,65890
2014,aus,male,76,61387
2014,aus,male,77,57927
2014,aus,male,78,53365
2014,aus,male,79,48131
2014,aus,male,80,44905
2014,aus,male,81,41588
2014,aus,male,82,38710
2014,aus,male,83,36980
2014,aus,male,84,34050
2014,aus,male,85,30010
2014,aus,male,86,26661
2014,aus,male,87,22767
2014,aus,male,88,19594
2014,aus,male,89,15938
2014,aus,male,90,12878
2014,aus,male,91,10070
2014,aus,male,92,8028
2014,aus,male,93,5931
2014,aus,male,94,4268
2014,aus,male,95,2603
2014,aus,male,96,1837
2014,aus,male,97,1217
2014,aus,male,98,823
2014,aus,male,99,486
2014,aus,male,100,731
2015,aus,female,0,150165
2015,aus,female,1,150162
2015,aus,female,2,152568
2015,aus,female,3,151757
2015,aus,female,4,150877
2015,aus,female,5,152593
2015,aus,female,6,150559
2015,aus,female,7,150739
2015,aus,female,8,148938
2015,aus,female,9,144786
2015,aus,female,10,139190
2015,aus,female,11,137019
2015,aus,female,12,136150
2015,aus,female,13,135857
2015,aus,female,14,137848
2015,aus,female,15,139494
2015,aus,female,16,139643
2015,aus,female,17,141005
2015,aus,female,18,145786
2015,aus,female,19,151431
2015,aus,female,20,157752
2015,aus,female,21,158969
2015,aus,female,22,161413
2015,aus,female,23,167696
2015,aus,female,24,174075
2015,aus,female,25,178100
2015,aus,female,26,176674
2015,aus,female,27,177568
2015,aus,female,28,177553
2015,aus,female,29,180465
2015,aus,female,30,179997
2015,aus,female,31,179205
2015,aus,female,32,177664
2015,aus,female,33,171984
2015,aus,female,34,168574
2015,aus,female,35,162442
2015,aus,female,36,158387
2015,aus,female,37,155806
2015,aus,female,38,154842
2015,aus,female,39,156164
2015,aus,female,40,157407
2015,aus,female,41,162189
2015,aus,female,42,166446
2015,aus,female,43,173338
2015,aus,female,44,176582
2015,aus,female,45,165357
2015,aus,female,46,163648
2015,aus,female,47,157884
2015,aus,female,48,153630
2015,aus,female,49,153629
2015,aus,female,50,153684
2015,aus,female,51,158827
2015,aus,female,52,160107
2015,aus,female,53,159043
2015,aus,female,54,158650
2015,aus,female,55,153725
2015,aus,female,56,149834
2015,aus,female,57,147532
2015,aus,female,58,143390
2015,aus,female,59,140810
2015,aus,female,60,136606
2015,aus,female,61,133278
2015,aus,female,62,131372
2015,aus,female,63,126876
2015,aus,female,64,125585
2015,aus,female,65,122593
2015,aus,female,66,118286
2015,aus,female,67,118447
2015,aus,female,68,121569
2015,aus,female,69,102253
2015,aus,female,70,97748
2015,aus,female,71,93148
2015,aus,female,72,83976
2015,aus,female,73,82255
2015,aus,female,74,76912
2015,aus,female,75,73513
2015,aus,female,76,70018
2015,aus,female,77,66168
2015,aus,female,78,62950
2015,aus,female,79,59797
2015,aus,female,80,55252
2015,aus,female,81,51895
2015,aus,female,82,49694
2015,aus,female,83,47053
2015,aus,female,84,46427
2015,aus,female,85,43431
2015,aus,female,86,39414
2015,aus,female,87,36528
2015,aus,female,88,32868
2015,aus,female,89,29290
2015,aus,female,90,25481
2015,aus,female,91,21451
2015,aus,female,92,17781
2015,aus,female,93,14515
2015,aus,female,94,11477
2015,aus,female,95,8173
2015,aus,female,96,5211
2015,aus,female,97,3937
2015,aus,female,98,2835
2015,aus,female,99,1742
2015,aus,female,100,2929
2015,aus,male,0,158281
2015,aus,male,1,158130
2015,aus,male,2,161280
2015,aus,male,3,160379
2015,aus,male,4,158968
2015,aus,male,5,160578
2015,aus,male,6,158970
2015,aus,male,7,158801
2015,aus,male,8,157422
2015,aus,male,9,152876
2015,aus,male,10,147431
2015,aus,male,11,145602
2015,aus,male,12,143147
2015,aus,male,13,142825
2015,aus,male,14,145619
2015,aus,male,15,146014
2015,aus,male,16,147119
2015,aus,male,17,148067
2015,aus,male,18,151892
2015,aus,male,19,159405
2015,aus,male,20,167109
2015,aus,male,21,167716
2015,aus,male,22,168988
2015,aus,male,23,173708
2015,aus,male,24,178853
2015,aus,male,25,182077
2015,aus,male,26,178686
2015,aus,male,27,178156
2015,aus,male,28,177170
2015,aus,male,29,179577
2015,aus,male,30,178330
2015,aus,male,31,177699
2015,aus,male,32,177051
2015,aus,male,33,172716
2015,aus,male,34,169071
2015,aus,male,35,162412
2015,aus,male,36,157754
2015,aus,male,37,155034
2015,aus,male,38,154313
2015,aus,male,39,155804
2015,aus,male,40,156783
2015,aus,male,41,161049
2015,aus,male,42,163103
2015,aus,male,43,168663
2015,aus,male,44,169650
2015,aus,male,45,160350
2015,aus,male,46,157149
2015,aus,male,47,152415
2015,aus,male,48,148569
2015,aus,male,49,149199
2015,aus,male,50,149134
2015,aus,male,51,154759
2015,aus,male,52,155966
2015,aus,male,53,155577
2015,aus,male,54,154180
2015,aus,male,55,148473
2015,aus,male,56,145323
2015,aus,male,57,141719
2015,aus,male,58,138236
2015,aus,male,59,136590
2015,aus,male,60,130479
2015,aus,male,61,126915
2015,aus,male,62,126060
2015,aus,male,63,122979
2015,aus,male,64,122015
2015,aus,male,65,119165
2015,aus,male,66,116025
2015,aus,male,67,117013
2015,aus,male,68,120141
2015,aus,male,69,100887
2015,aus,male,70,95053
2015,aus,male,71,90028
2015,aus,male,72,80260
2015,aus,male,73,78795
2015,aus,male,74,72136
2015,aus,male,75,68351
2015,aus,male,76,63753
2015,aus,male,77,59195
2015,aus,male,78,55630
2015,aus,male,79,51157
2015,aus,male,80,45866
2015,aus,male,81,42537
2015,aus,male,82,39000
2015,aus,male,83,36219
2015,aus,male,84,34194
2015,aus,male,85,31221
2015,aus,male,86,27085
2015,aus,male,87,23838
2015,aus,male,88,20083
2015,aus,male,89,17086
2015,aus,male,90,13611
2015,aus,male,91,10784
2015,aus,male,92,8277
2015,aus,male,93,6446
2015,aus,male,94,4684
2015,aus,male,95,3296
2015,aus,male,96,1936
2015,aus,male,97,1362
2015,aus,male,98,895
2015,aus,male,99,529
2015,aus,male,100,749
2016,aus,female,0,154826
2016,aus,female,1,152039
2016,aus,female,2,151771
2016,aus,female,3,154066
2016,aus,female,4,153031
2016,aus,female,5,153204
2016,aus,female,6,154557
2016,aus,female,7,152072
2016,aus,female,8,152504
2016,aus,female,9,150725
2016,aus,female,10,145612
2016,aus,female,11,139656
2016,aus,female,12,137611
2016,aus,female,13,136763
2016,aus,female,14,136600
2016,aus,female,15,139194
2016,aus,female,16,141340
2016,aus,female,17,141702
2016,aus,female,18,145450
2016,aus,female,19,151893
2016,aus,female,20,156862
2016,aus,female,21,162809
2016,aus,female,22,165096
2016,aus,female,23,170289
2016,aus,female,24,174044
2016,aus,female,25,178997
2016,aus,female,26,182916
2016,aus,female,27,181293
2016,aus,female,28,182090
2016,aus,female,29,181265
2016,aus,female,30,184092
2016,aus,female,31,182452
2016,aus,female,32,181615
2016,aus,female,33,179813
2016,aus,female,34,174052
2016,aus,female,35,170169
2016,aus,female,36,163705
2016,aus,female,37,159387
2016,aus,female,38,156690
2016,aus,female,39,155643
2016,aus,female,40,157153
2016,aus,female,41,157994
2016,aus,female,42,162954
2016,aus,female,43,167200
2016,aus,female,44,173835
2016,aus,female,45,177107
2016,aus,female,46,165787
2016,aus,female,47,163993
2016,aus,female,48,158402
2016,aus,female,49,153973
2016,aus,female,50,153931
2016,aus,female,51,153514
2016,aus,female,52,159116
2016,aus,female,53,160164
2016,aus,female,54,158963
2016,aus,female,55,158527
2016,aus,female,56,153626
2016,aus,female,57,149500
2016,aus,female,58,147391
2016,aus,female,59,143133
2016,aus,female,60,140569
2016,aus,female,61,136092
2016,aus,female,62,133012
2016,aus,female,63,130948
2016,aus,female,64,126684
2016,aus,female,65,125387
2016,aus,female,66,122310
2016,aus,female,67,117830
2016,aus,female,68,117822
2016,aus,female,69,120614
2016,aus,female,70,101258
2016,aus,female,71,96438
2016,aus,female,72,91848
2016,aus,female,73,82726
2016,aus,female,74,81085
2016,aus,female,75,75763
2016,aus,female,76,72256
2016,aus,female,77,68682
2016,aus,female,78,64852
2016,aus,female,79,61492
2016,aus,female,80,57853
2016,aus,female,81,53150
2016,aus,female,82,49723
2016,aus,female,83,47316
2016,aus,female,84,44559
2016,aus,female,85,43526
2016,aus,female,86,40422
2016,aus,female,87,36217
2016,aus,female,88,33226
2016,aus,female,89,29574
2016,aus,female,90,26058
2016,aus,female,91,22054
2016,aus,female,92,18314
2016,aus,female,93,14928
2016,aus,female,94,11920
2016,aus,female,95,9235
2016,aus,female,96,6299
2016,aus,female,97,3881
2016,aus,female,98,2993
2016,aus,female,99,2008
2016,aus,female,100,2786
2016,aus,male,0,164034
2016,aus,male,1,160005
2016,aus,male,2,159736
2016,aus,male,3,162613
2016,aus,male,4,161505
2016,aus,male,5,161432
2016,aus,male,6,162362
2016,aus,male,7,160540
2016,aus,male,8,160537
2016,aus,male,9,159348
2016,aus,male,10,153699
2016,aus,male,11,148006
2016,aus,male,12,146382
2016,aus,male,13,143766
2016,aus,male,14,143595
2016,aus,male,15,147017
2016,aus,male,16,147904
2016,aus,male,17,149189
2016,aus,male,18,152710
2016,aus,male,19,158755
2016,aus,male,20,164986
2016,aus,male,21,171579
2016,aus,male,22,172952
2016,aus,male,23,176276
2016,aus,male,24,179181
2016,aus,male,25,182254
2016,aus,male,26,184570
2016,aus,male,27,181067
2016,aus,male,28,180722
2016,aus,male,29,179122
2016,aus,male,30,181456
2016,aus,male,31,179401
2016,aus,male,32,179004
2016,aus,male,33,178318
2016,aus,male,34,173882
2016,aus,male,35,169915
2016,aus,male,36,163169
2016,aus,male,37,158194
2016,aus,male,38,155621
2016,aus,male,39,154969
2016,aus,male,40,156612
2016,aus,male,41,157212
2016,aus,male,42,161588
2016,aus,male,43,163489
2016,aus,male,44,168739
2016,aus,male,45,169393
2016,aus,male,46,159785
2016,aus,male,47,156528
2016,aus,male,48,151916
2016,aus,male,49,148046
2016,aus,male,50,148924
2016,aus,male,51,148603
2016,aus,male,52,154503
2016,aus,male,53,155667
2016,aus,male,54,155091
2016,aus,male,55,153527
2016,aus,male,56,147737
2016,aus,male,57,144293
2016,aus,male,58,140896
2016,aus,male,59,137285
2016,aus,male,60,135624
2016,aus,male,61,129208
2016,aus,male,62,125620
2016,aus,male,63,124974
2016,aus,male,64,122160
2016,aus,male,65,121072
2016,aus,male,66,118211
2016,aus,male,67,115074
2016,aus,male,68,116015
2016,aus,male,69,118738
2016,aus,male,70,99537
2016,aus,male,71,93455
2016,aus,male,72,88338
2016,aus,male,73,78540
2016,aus,male,74,76971
2016,aus,male,75,70234
2016,aus,male,76,66271
2016,aus,male,77,61539
2016,aus,male,78,56835
2016,aus,male,79,53276
2016,aus,male,80,48897
2016,aus,male,81,43463
2016,aus,male,82,40058
2016,aus,male,83,36419
2016,aus,male,84,33665
2016,aus,male,85,31394
2016,aus,male,86,28344
2016,aus,male,87,24168
2016,aus,male,88,21115
2016,aus,male,89,17423
2016,aus,male,90,14635
2016,aus,male,91,11477
2016,aus,male,92,8961
2016,aus,male,93,6668
2016,aus,male,94,5090
2016,aus,male,95,3620
2016,aus,male,96,2480
2016,aus,male,97,1465
2016,aus,male,98,1030
2016,aus,male,99,632
2016,aus,male,100,736
2017,aus,female,0,148611
2017,aus,female,1,155001
2017,aus,female,2,152923
2017,aus,female,3,153421
2017,aus,female,4,155466
2017,aus,female,5,154847
2017,aus,female,6,154738
2017,aus,female,7,155990
2017,aus,female,8,153598
2017,aus,female,9,153930
2017,aus,female,10,151983
2017,aus,female,11,146661
2017,aus,female,12,140677
2017,aus,female,13,138470
2017,aus,female,14,137780
2017,aus,female,15,137882
2017,aus,female,16,140902
2017,aus,female,17,143754
2017,aus,female,18,146777
2017,aus,female,19,152267
2017,aus,female,20,157472
2017,aus,female,21,161232
2017,aus,female,22,168500
2017,aus,female,23,174243
2017,aus,female,24,176815
2017,aus,female,25,179188
2017,aus,female,26,183980
2017,aus,female,27,187382
2017,aus,female,28,185406
2017,aus,female,29,185682
2017,aus,female,30,184972
2017,aus,female,31,186640
2017,aus,female,32,185041
2017,aus,female,33,183998
2017,aus,female,34,182381
2017,aus,female,35,176553
2017,aus,female,36,172330
2017,aus,female,37,165779
2017,aus,female,38,161415
2017,aus,female,39,158334
2017,aus,female,40,157343
2017,aus,female,41,158271
2017,aus,female,42,159340
2017,aus,female,43,163799
2017,aus,female,44,167964
2017,aus,female,45,174650
2017,aus,female,46,177603
2017,aus,female,47,165958
2017,aus,female,48,164088
2017,aus,female,49,158240
2017,aus,female,50,153957
2017,aus,female,51,153810
2017,aus,female,52,153854
2017,aus,female,53,159125
2017,aus,female,54,160311
2017,aus,female,55,159179
2017,aus,female,56,158581
2017,aus,female,57,153660
2017,aus,female,58,149659
2017,aus,female,59,147404
2017,aus,female,60,143211
2017,aus,female,61,140308
2017,aus,female,62,136063
2017,aus,female,63,132879
2017,aus,female,64,130654
2017,aus,female,65,126434
2017,aus,female,66,125020
2017,aus,female,67,122037
2017,aus,female,68,117612
2017,aus,female,69,117347
2017,aus,female,70,119960
2017,aus,female,71,100338
2017,aus,female,72,95488
2017,aus,female,73,90505
2017,aus,female,74,81369
2017,aus,female,75,79542
2017,aus,female,76,74124
2017,aus,female,77,70730
2017,aus,female,78,67115
2017,aus,female,79,63130
2017,aus,female,80,59580
2017,aus,female,81,55768
2017,aus,female,82,51043
2017,aus,female,83,47452
2017,aus,female,84,44868
2017,aus,female,85,41905
2017,aus,female,86,40526
2017,aus,female,87,37335
2017,aus,female,88,33029
2017,aus,female,89,29754
2017,aus,female,90,26130
2017,aus,female,91,22655
2017,aus,female,92,18844
2017,aus,female,93,15247
2017,aus,female,94,12063
2017,aus,female,95,9412
2017,aus,female,96,7093
2017,aus,female,97,4713
2017,aus,female,98,2790
2017,aus,female,99,2128
2017,aus,female,100,2983
2017,aus,male,0,157563
2017,aus,male,1,164270
2017,aus,male,2,161252
2017,aus,male,3,161453
2017,aus,male,4,164472
2017,aus,male,5,163479
2017,aus,male,6,163043
2017,aus,male,7,163943
2017,aus,male,8,162218
2017,aus,male,9,162202
2017,aus,male,10,160992
2017,aus,male,11,154992
2017,aus,male,12,149509
2017,aus,male,13,147437
2017,aus,male,14,144900
2017,aus,male,15,145148
2017,aus,male,16,149044
2017,aus,male,17,150392
2017,aus,male,18,154748
2017,aus,male,19,160629
2017,aus,male,20,164859
2017,aus,male,21,169440
2017,aus,male,22,177329
2017,aus,male,23,181326
2017,aus,male,24,182475
2017,aus,male,25,183072
2017,aus,male,26,185693
2017,aus,male,27,187484
2017,aus,male,28,183864
2017,aus,male,29,183279
2017,aus,male,30,182008
2017,aus,male,31,183801
2017,aus,male,32,181747
2017,aus,male,33,181543
2017,aus,male,34,180861
2017,aus,male,35,175920
2017,aus,male,36,171542
2017,aus,male,37,164355
2017,aus,male,38,159471
2017,aus,male,39,156518
2017,aus,male,40,156046
2017,aus,male,41,157491
2017,aus,male,42,158119
2017,aus,male,43,162130
2017,aus,male,44,164207
2017,aus,male,45,169518
2017,aus,male,46,170278
2017,aus,male,47,160391
2017,aus,male,48,157099
2017,aus,male,49,152223
2017,aus,male,50,148487
2017,aus,male,51,149066
2017,aus,male,52,148993
2017,aus,male,53,154571
2017,aus,male,54,155712
2017,aus,male,55,154902
2017,aus,male,56,153202
2017,aus,male,57,147199
2017,aus,male,58,143838
2017,aus,male,59,140317
2017,aus,male,60,136615
2017,aus,male,61,134858
2017,aus,male,62,128627
2017,aus,male,63,124931
2017,aus,male,64,124302
2017,aus,male,65,121200
2017,aus,male,66,119973
2017,aus,male,67,117079
2017,aus,male,68,113867
2017,aus,male,69,114598
2017,aus,male,70,117178
2017,aus,male,71,97909
2017,aus,male,72,91799
2017,aus,male,73,86486
2017,aus,male,74,76673
2017,aus,male,75,74931
2017,aus,male,76,68174
2017,aus,male,77,64218
2017,aus,male,78,59424
2017,aus,male,79,54706
2017,aus,male,80,50934
2017,aus,male,81,46397
2017,aus,male,82,41043
2017,aus,male,83,37480
2017,aus,male,84,33868
2017,aus,male,85,30979
2017,aus,male,86,28486
2017,aus,male,87,25463
2017,aus,male,88,21345
2017,aus,male,89,18349
2017,aus,male,90,14856
2017,aus,male,91,12274
2017,aus,male,92,9349
2017,aus,male,93,7147
2017,aus,male,94,5190
2017,aus,male,95,3858
2017,aus,male,96,2672
2017,aus,male,97,1761
2017,aus,male,98,994
2017,aus,male,99,688
2017,aus,male,100,844
2018,aus,female,0,146846
2018,aus,female,1,149167
2018,aus,female,2,155447
2018,aus,female,3,153550
2018,aus,female,4,154629
2018,aus,female,5,156876
2018,aus,female,6,156237
2018,aus,female,7,155728
2018,aus,female,8,157057
2018,aus,female,9,154775
2018,aus,female,10,155103
2018,aus,female,11,152944
2018,aus,female,12,147537
2018,aus,female,13,141503
2018,aus,female,14,139276
2018,aus,female,15,138891
2018,aus,female,16,139272
2018,aus,female,17,142759
2018,aus,female,18,149033
2018,aus,female,19,153734
2018,aus,female,20,157815
2018,aus,female,21,162075
2018,aus,female,22,167373
2018,aus,female,23,177528
2018,aus,female,24,180200
2018,aus,female,25,181065
2018,aus,female,26,183654
2018,aus,female,27,188251
2018,aus,female,28,190770
2018,aus,female,29,188768
2018,aus,female,30,188624
2018,aus,female,31,187488
2018,aus,female,32,188480
2018,aus,female,33,187264
2018,aus,female,34,185782
2018,aus,female,35,184268
2018,aus,female,36,178430
2018,aus,female,37,174180
2018,aus,female,38,167244
2018,aus,female,39,163219
2018,aus,female,40,159752
2018,aus,female,41,158668
2018,aus,female,42,159095
2018,aus,female,43,160430
2018,aus,female,44,164329
2018,aus,female,45,168483
2018,aus,female,46,175149
2018,aus,female,47,177900
2018,aus,female,48,166062
2018,aus,female,49,164061
2018,aus,female,50,157957
2018,aus,female,51,153758
2018,aus,female,52,153499
2018,aus,female,53,153934
2018,aus,female,54,158975
2018,aus,female,55,160311
2018,aus,female,56,159133
2018,aus,female,57,158478
2018,aus,female,58,153418
2018,aus,female,59,149634
2018,aus,female,60,147135
2018,aus,female,61,143036
2018,aus,female,62,139940
2018,aus,female,63,135789
2018,aus,female,64,132464
2018,aus,female,65,130279
2018,aus,female,66,126050
2018,aus,female,67,124606
2018,aus,female,68,121573
2018,aus,female,69,117199
2018,aus,female,70,116724
2018,aus,female,71,119084
2018,aus,female,72,99242
2018,aus,female,73,94413
2018,aus,female,74,89137
2018,aus,female,75,79946
2018,aus,female,76,77831
2018,aus,female,77,72305
2018,aus,female,78,68961
2018,aus,female,79,65401
2018,aus,female,80,61333
2018,aus,female,81,57605
2018,aus,female,82,53512
2018,aus,female,83,48867
2018,aus,female,84,44991
2018,aus,female,85,42214
2018,aus,female,86,38995
2018,aus,female,87,37424
2018,aus,female,88,34073
2018,aus,female,89,29787
2018,aus,female,90,26457
2018,aus,female,91,22596
2018,aus,female,92,19350
2018,aus,female,93,15706
2018,aus,female,94,12384
2018,aus,female,95,9579
2018,aus,female,96,7219
2018,aus,female,97,5324
2018,aus,female,98,3410
2018,aus,female,99,2025
2018,aus,female,100,3203
2018,aus,male,0,155668
2018,aus,male,1,158037
2018,aus,male,2,164646
2018,aus,male,3,162346
2018,aus,male,4,163079
2018,aus,male,5,165987
2018,aus,male,6,164799
2018,aus,male,7,164238
2018,aus,male,8,165288
2018,aus,male,9,163731
2018,aus,male,10,163606
2018,aus,male,11,162357
2018,aus,male,12,156155
2018,aus,male,13,150824
2018,aus,male,14,148358
2018,aus,male,15,146180
2018,aus,male,16,146756
2018,aus,male,17,151044
2018,aus,male,18,156832
2018,aus,male,19,163795
2018,aus,male,20,166840
2018,aus,male,21,169407
2018,aus,male,22,175724
2018,aus,male,23,185956
2018,aus,male,24,187554
2018,aus,male,25,186215
2018,aus,male,26,185917
2018,aus,male,27,188453
2018,aus,male,28,189774
2018,aus,male,29,186243
2018,aus,male,30,185293
2018,aus,male,31,184096
2018,aus,male,32,185501
2018,aus,male,33,183896
2018,aus,male,34,183345
2018,aus,male,35,182827
2018,aus,male,36,177524
2018,aus,male,37,172740
2018,aus,male,38,164972
2018,aus,male,39,160395
2018,aus,male,40,157124
2018,aus,male,41,156499
2018,aus,male,42,157923
2018,aus,male,43,158651
2018,aus,male,44,162419
2018,aus,male,45,164842
2018,aus,male,46,170063
2018,aus,male,47,170930
2018,aus,male,48,160806
2018,aus,male,49,157605
2018,aus,male,50,152375
2018,aus,male,51,148809
2018,aus,male,52,149037
2018,aus,male,53,149320
2018,aus,male,54,154319
2018,aus,male,55,155606
2018,aus,male,56,154516
2018,aus,male,57,152638
2018,aus,male,58,146560
2018,aus,male,59,143198
2018,aus,male,60,139573
2018,aus,male,61,135827
2018,aus,male,62,133854
2018,aus,male,63,127874
2018,aus,male,64,124117
2018,aus,male,65,123335
2018,aus,male,66,119943
2018,aus,male,67,118562
2018,aus,male,68,115849
2018,aus,male,69,112459
2018,aus,male,70,113107
2018,aus,male,71,115412
2018,aus,male,72,96050
2018,aus,male,73,90038
2018,aus,male,74,84460
2018,aus,male,75,74742
2018,aus,male,76,72810
2018,aus,male,77,66073
2018,aus,male,78,62065
2018,aus,male,79,57219
2018,aus,male,80,52510
2018,aus,male,81,48617
2018,aus,male,82,43765
2018,aus,male,83,38408
2018,aus,male,84,34903
2018,aus,male,85,31180
2018,aus,male,86,28119
2018,aus,male,87,25562
2018,aus,male,88,22677
2018,aus,male,89,18624
2018,aus,male,90,15627
2018,aus,male,91,12507
2018,aus,male,92,10035
2018,aus,male,93,7486
2018,aus,male,94,5637
2018,aus,male,95,3927
2018,aus,male,96,2849
2018,aus,male,97,1899
2018,aus,male,98,1248
2018,aus,male,99,663
2018,aus,male,100,971
2019,aus,female,0,146484
2019,aus,female,1,147209
2019,aus,female,2,150195
2019,aus,female,3,156050
2019,aus,female,4,154439
2019,aus,female,5,156023
2019,aus,female,6,157863
2019,aus,female,7,157544
2019,aus,female,8,156756
2019,aus,female,9,158274
2019,aus,female,10,156010
2019,aus,female,11,156336
2019,aus,female,12,154058
2019,aus,female,13,148418
2019,aus,female,14,142527
2019,aus,female,15,140373
2019,aus,female,16,140243
2019,aus,female,17,140881
2019,aus,female,18,147690
2019,aus,female,19,155948
2019,aus,female,20,158668
2019,aus,female,21,161849
2019,aus,female,22,167698
2019,aus,female,23,175334
2019,aus,female,24,182322
2019,aus,female,25,183430
2019,aus,female,26,185092
2019,aus,female,27,187752
2019,aus,female,28,192090
2019,aus,female,29,193894
2019,aus,female,30,191634
2019,aus,female,31,191027
2019,aus,female,32,189480
2019,aus,female,33,190272
2019,aus,female,34,189385
2019,aus,female,35,187448
2019,aus,female,36,186019
2019,aus,female,37,180187
2019,aus,female,38,175942
2019,aus,female,39,168485
2019,aus,female,40,164793
2019,aus,female,41,161059
2019,aus,female,42,159724
2019,aus,female,43,159666
2019,aus,female,44,161238
2019,aus,female,45,164750
2019,aus,female,46,168840
2019,aus,female,47,175504
2019,aus,female,48,177997
2019,aus,female,49,166026
2019,aus,female,50,163982
2019,aus,female,51,157624
2019,aus,female,52,153681
2019,aus,female,53,153378
2019,aus,female,54,154309
2019,aus,female,55,159179
2019,aus,female,56,160687
2019,aus,female,57,159372
2019,aus,female,58,158660
2019,aus,female,59,153607
2019,aus,female,60,149992
2019,aus,female,61,147316
2019,aus,female,62,143158
2019,aus,female,63,139929
2019,aus,female,64,135974
2019,aus,female,65,132358
2019,aus,female,66,130019
2019,aus,female,67,125851
2019,aus,female,68,124152
2019,aus,female,69,121338
2019,aus,female,70,116871
2019,aus,female,71,116144
2019,aus,female,72,118301
2019,aus,female,73,98161
2019,aus,female,74,93206
2019,aus,female,75,87640
2019,aus,female,76,78491
2019,aus,female,77,76106
2019,aus,female,78,70464
2019,aus,female,79,67262
2019,aus,female,80,63670
2019,aus,female,81,59395
2019,aus,female,82,55444
2019,aus,female,83,51150
2019,aus,female,84,46381
2019,aus,female,85,42382
2019,aus,female,86,39410
2019,aus,female,87,36068
2019,aus,female,88,34190
2019,aus,female,89,30832
2019,aus,female,90,26585
2019,aus,female,91,23123
2019,aus,female,92,19268
2019,aus,female,93,16218
2019,aus,female,94,13000
2019,aus,female,95,9894
2019,aus,female,96,7409
2019,aus,female,97,5404
2019,aus,female,98,3852
2019,aus,female,99,2420
2019,aus,female,100,3372
2019,aus,male,0,155871
2019,aus,male,1,156009
2019,aus,male,2,159055
2019,aus,male,3,165178
2019,aus,male,4,163539
2019,aus,male,5,164675
2019,aus,male,6,167155
2019,aus,male,7,166035
2019,aus,male,8,165407
2019,aus,male,9,166631
2019,aus,male,10,165241
2019,aus,male,11,165082
2019,aus,male,12,163806
2019,aus,male,13,157280
2019,aus,male,14,152084
2019,aus,male,15,149491
2019,aus,male,16,147635
2019,aus,male,17,148380
2019,aus,male,18,157448
2019,aus,male,19,166737
2019,aus,male,20,169934
2019,aus,male,21,171560
2019,aus,male,22,176378
2019,aus,male,23,184753
2019,aus,male,24,191627
2019,aus,male,25,190405
2019,aus,male,26,188561
2019,aus,male,27,188075
2019,aus,male,28,190919
2019,aus,male,29,192025
2019,aus,male,30,188476
2019,aus,male,31,186846
2019,aus,male,32,186064
2019,aus,male,33,187379
2019,aus,male,34,185796
2019,aus,male,35,184851
2019,aus,male,36,184549
2019,aus,male,37,178903
2019,aus,male,38,173741
2019,aus,male,39,165549
2019,aus,male,40,161077
2019,aus,male,41,157423
2019,aus,male,42,156726
2019,aus,male,43,158291
2019,aus,male,44,159116
2019,aus,male,45,162524
2019,aus,male,46,165239
2019,aus,male,47,170399
2019,aus,male,48,171397
2019,aus,male,49,160941
2019,aus,male,50,157956
2019,aus,male,51,152363
2019,aus,male,52,148959
2019,aus,male,53,148957
2019,aus,male,54,149607
2019,aus,male,55,154131
2019,aus,male,56,155610
2019,aus,male,57,154131
2019,aus,male,58,152229
2019,aus,male,59,146101
2019,aus,male,60,142812
2019,aus,male,61,139067
2019,aus,male,62,135309
2019,aus,male,63,133052
2019,aus,male,64,127348
2019,aus,male,65,123429
2019,aus,male,66,122418
2019,aus,male,67,118929
2019,aus,male,68,117426
2019,aus,male,69,114703
2019,aus,male,70,111094
2019,aus,male,71,111668
2019,aus,male,72,113644
2019,aus,male,73,94184
2019,aus,male,74,88149
2019,aus,male,75,82472
2019,aus,male,76,72692
2019,aus,male,77,70651
2019,aus,male,78,63856
2019,aus,male,79,59748
2019,aus,male,80,54810
2019,aus,male,81,50129
2019,aus,male,82,46081
2019,aus,male,83,41056
2019,aus,male,84,35885
2019,aus,male,85,32161
2019,aus,male,86,28369
2019,aus,male,87,25244
2019,aus,male,88,22743
2019,aus,male,89,19884
2019,aus,male,90,16019
2019,aus,male,91,13090
2019,aus,male,92,10306
2019,aus,male,93,8164
2019,aus,male,94,5913
2019,aus,male,95,4278
2019,aus,male,96,2930
2019,aus,male,97,2031
2019,aus,male,98,1317
2019,aus,male,99,846
2019,aus,male,100,1007
2020,aus,female,0,144244
2020,aus,female,1,146259
2020,aus,female,2,147613
2020,aus,female,3,150890
2020,aus,female,4,156429
2020,aus,female,5,155168
2020,aus,female,6,157082
2020,aus,female,7,158543
2020,aus,female,8,158678
2020,aus,female,9,157664
2020,aus,female,10,159424
2020,aus,female,11,157148
2020,aus,female,12,157391
2020,aus,female,13,154945
2020,aus,female,14,149332
2020,aus,female,15,143496
2020,aus,female,16,141359
2020,aus,female,17,141075
2020,aus,female,18,143124
2020,aus,female,19,151117
2020,aus,female,20,157268
2020,aus,female,21,159211
2020,aus,female,22,163351
2020,aus,female,23,170814
2020,aus,female,24,176390
2020,aus,female,25,182089
2020,aus,female,26,184319
2020,aus,female,27,186744
2020,aus,female,28,189785
2020,aus,female,29,194239
2020,aus,female,30,195392
2020,aus,female,31,193057
2020,aus,female,32,191953
2020,aus,female,33,190777
2020,aus,female,34,191472
2020,aus,female,35,190789
2020,aus,female,36,188698
2020,aus,female,37,187477
2020,aus,female,38,181595
2020,aus,female,39,177478
2020,aus,female,40,169739
2020,aus,female,41,166358
2020,aus,female,42,162359
2020,aus,female,43,160919
2020,aus,female,44,160309
2020,aus,female,45,162192
2020,aus,female,46,165318
2020,aus,female,47,169449
2020,aus,female,48,176105
2020,aus,female,49,178409
2020,aus,female,50,166378
2020,aus,female,51,164441
2020,aus,female,52,157823
2020,aus,female,53,154165
2020,aus,female,54,153974
2020,aus,female,55,155575
2020,aus,female,56,160441
2020,aus,female,57,162273
2020,aus,female,58,160723
2020,aus,female,59,160101
2020,aus,female,60,155116
2020,aus,female,61,151747
2020,aus,female,62,148769
2020,aus,female,63,144789
2020,aus,female,64,141263
2020,aus,female,65,137307
2020,aus,female,66,133407
2020,aus,female,67,130830
2020,aus,female,68,126577
2020,aus,female,69,124699
2020,aus,female,70,121809
2020,aus,female,71,117162
2020,aus,female,72,116101
2020,aus,female,73,117950
2020,aus,female,74,97333
2020,aus,female,75,92354
2020,aus,female,76,86405
2020,aus,female,77,77314
2020,aus,female,78,74632
2020,aus,female,79,68814
2020,aus,female,80,65522
2020,aus,female,81,61916
2020,aus,female,82,57397
2020,aus,female,83,53258
2020,aus,female,84,48704
2020,aus,female,85,43943
2020,aus,female,86,39709
2020,aus,female,87,36525
2020,aus,female,88,33065
2020,aus,female,89,30990
2020,aus,female,90,27549
2020,aus,female,91,23340
2020,aus,female,92,19897
2020,aus,female,93,16102
2020,aus,female,94,13355
2020,aus,female,95,10377
2020,aus,female,96,7653
2020,aus,female,97,5611
2020,aus,female,98,3946
2020,aus,female,99,2733
2020,aus,female,100,3709
2020,aus,male,0,152279
2020,aus,male,1,155503
2020,aus,male,2,156444
2020,aus,male,3,159783
2020,aus,male,4,165562
2020,aus,male,5,164602
2020,aus,male,6,165989
2020,aus,male,7,168119
2020,aus,male,8,167158
2020,aus,male,9,166481
2020,aus,male,10,167907
2020,aus,male,11,166698
2020,aus,male,12,166427
2020,aus,male,13,165123
2020,aus,male,14,158427
2020,aus,male,15,153309
2020,aus,male,16,150483
2020,aus,male,17,148589
2020,aus,male,18,151343
2020,aus,male,19,162536
2020,aus,male,20,168604
2020,aus,male,21,169849
2020,aus,male,22,173350
2020,aus,male,23,179623
2020,aus,male,24,185829
2020,aus,male,25,190398
2020,aus,male,26,189182
2020,aus,male,27,188231
2020,aus,male,28,188251
2020,aus,male,29,191800
2020,aus,male,30,192743
2020,aus,male,31,189505
2020,aus,male,32,187671
2020,aus,male,33,187354
2020,aus,male,34,188977
2020,aus,male,35,187396
2020,aus,male,36,186221
2020,aus,male,37,186024
2020,aus,male,38,180169
2020,aus,male,39,174661
2020,aus,male,40,165990
2020,aus,male,41,161904
2020,aus,male,42,157791
2020,aus,male,43,157165
2020,aus,male,44,158628
2020,aus,male,45,159763
2020,aus,male,46,162667
2020,aus,male,47,165812
2020,aus,male,48,171024
2020,aus,male,49,172121
2020,aus,male,50,161438
2020,aus,male,51,158634
2020,aus,male,52,152726
2020,aus,male,53,149523
2020,aus,male,54,149222
2020,aus,male,55,150276
2020,aus,male,56,154625
2020,aus,male,57,156138
2020,aus,male,58,154525
2020,aus,male,59,152420
2020,aus,male,60,146332
2020,aus,male,61,143283
2020,aus,male,62,139365
2020,aus,male,63,135678
2020,aus,male,64,133183
2020,aus,male,65,127836
2020,aus,male,66,123657
2020,aus,male,67,122570
2020,aus,male,68,118853
2020,aus,male,69,117046
2020,aus,male,70,114307
2020,aus,male,71,110475
2020,aus,male,72,110735
2020,aus,male,73,112335
2020,aus,male,74,92846
2020,aus,male,75,86590
2020,aus,male,76,80711
2020,aus,male,77,70819
2020,aus,male,78,68672
2020,aus,male,79,61705
2020,aus,male,80,57581
2020,aus,male,81,52520
2020,aus,male,82,47749
2020,aus,male,83,43617
2020,aus,male,84,38471
2020,aus,male,85,33254
2020,aus,male,86,29406
2020,aus,male,87,25720
2020,aus,male,88,22582
2020,aus,male,89,20034
2020,aus,male,90,17181
2020,aus,male,91,13708
2020,aus,male,92,10826
2020,aus,male,93,8307
2020,aus,male,94,6483
2020,aus,male,95,4611
2020,aus,male,96,3168
2020,aus,male,97,2093
2020,aus,male,98,1387
2020,aus,male,99,842
2020,aus,male,100,1109
2021,aus,female,0,145431
2021,aus,female,1,143483
2021,aus,female,2,145899
2021,aus,female,3,147375
2021,aus,female,4,150914
2021,aus,female,5,155841
2021,aus,female,6,154738
2021,aus,female,7,157026
2021,aus,female,8,158433
2021,aus,female,9,158888
2021,aus,female,10,157848
2021,aus,female,11,159786
2021,aus,female,12,157649
2021,aus,female,13,157737
2021,aus,female,14,155234
2021,aus,female,15,149491
2021,aus,female,16,143665
2021,aus,female,17,141328
2021,aus,female,18,140621
2021,aus,female,19,142226
2021,aus,female,20,148866
2021,aus,female,21,154526
2021,aus,female,22,156315
2021,aus,female,23,159922
2021,aus,female,24,166210
2021,aus,female,25,171375
2021,aus,female,26,178105
2021,aus,female,27,180967
2021,aus,female,28,184492
2021,aus,female,29,188028
2021,aus,female,30,192618
2021,aus,female,31,193468
2021,aus,female,32,191550
2021,aus,female,33,190896
2021,aus,female,34,190132
2021,aus,female,35,190843
2021,aus,female,36,190467
2021,aus,female,37,188306
2021,aus,female,38,187604
2021,aus,female,39,181748
2021,aus,female,40,177908
2021,aus,female,41,169959
2021,aus,female,42,166894
2021,aus,female,43,162540
2021,aus,female,44,161199
2021,aus,female,45,160283
2021,aus,female,46,162306
2021,aus,female,47,165100
2021,aus,female,48,169108
2021,aus,female,49,175821
2021,aus,female,50,177878
2021,aus,female,51,165657
2021,aus,female,52,163722
2021,aus,female,53,156839
2021,aus,female,54,153386
2021,aus,female,55,152946
2021,aus,female,56,154905
2021,aus,female,57,159288
2021,aus,female,58,161170
2021,aus,female,59,159808
2021,aus,female,60,158954
2021,aus,female,61,153799
2021,aus,female,62,150573
2021,aus,female,63,147390
2021,aus,female,64,143409
2021,aus,female,65,139631
2021,aus,female,66,136077
2021,aus,female,67,132037
2021,aus,female,68,129631
2021,aus,female,69,125385
2021,aus,female,70,123497
2021,aus,female,71,120781
2021,aus,female,72,116204
2021,aus,female,73,114976
2021,aus,female,74,116641
2021,aus,female,75,95880
2021,aus,female,76,90793
2021,aus,female,77,84601
2021,aus,female,78,75539
2021,aus,female,79,72571
2021,aus,female,80,66618
2021,aus,female,81,63314
2021,aus,female,82,59725
2021,aus,female,83,54999
2021,aus,female,84,50799
2021,aus,female,85,45940
2021,aus,female,86,41321
2021,aus,female,87,36782
2021,aus,female,88,33524
2021,aus,female,89,29974
2021,aus,female,90,27625
2021,aus,female,91,24197
2021,aus,female,92,20161
2021,aus,female,93,16895
2021,aus,female,94,13319
2021,aus,female,95,10764
2021,aus,female,96,8086
2021,aus,female,97,5777
2021,aus,female,98,4039
2021,aus,female,99,2788
2021,aus,female,100,4218
2021,aus,male,0,153350
2021,aus,male,1,151459
2021,aus,male,2,155086
2021,aus,male,3,156156
2021,aus,male,4,159848
2021,aus,male,5,165026
2021,aus,male,6,164477
2021,aus,male,7,166175
2021,aus,male,8,168229
2021,aus,male,9,167474
2021,aus,male,10,166767
2021,aus,male,11,168370
2021,aus,male,12,167359
2021,aus,male,13,167019
2021,aus,male,14,165805
2021,aus,male,15,158809
2021,aus,male,16,153696
2021,aus,male,17,150484
2021,aus,male,18,148319
2021,aus,male,19,150573
2021,aus,male,20,160207
2021,aus,male,21,165688
2021,aus,male,22,166674
2021,aus,male,23,169551
2021,aus,male,24,174945
2021,aus,male,25,180001
2021,aus,male,26,184746
2021,aus,male,27,184419
2021,aus,male,28,184454
2021,aus,male,29,184914
2021,aus,male,30,189319
2021,aus,male,31,190393
2021,aus,male,32,187911
2021,aus,male,33,186241
2021,aus,male,34,186707
2021,aus,male,35,188531
2021,aus,male,36,187351
2021,aus,male,37,186063
2021,aus,male,38,186124
2021,aus,male,39,180059
2021,aus,male,40,174585
2021,aus,male,41,165523
2021,aus,male,42,161590
2021,aus,male,43,157372
2021,aus,male,44,156821
2021,aus,male,45,158452
2021,aus,male,46,159672
2021,aus,male,47,162257
2021,aus,male,48,165812
2021,aus,male,49,171153
2021,aus,male,50,172229
2021,aus,male,51,161372
2021,aus,male,52,158729
2021,aus,male,53,152510
2021,aus,male,54,149423
2021,aus,male,55,148820
2021,aus,male,56,150281
2021,aus,male,57,154065
2021,aus,male,58,155570
2021,aus,male,59,153950
2021,aus,male,60,151630
2021,aus,male,61,145250
2021,aus,male,62,142301
2021,aus,male,63,138002
2021,aus,male,64,134152
2021,aus,male,65,131413
2021,aus,male,66,126217
2021,aus,male,67,122071
2021,aus,male,68,120904
2021,aus,male,69,117109
2021,aus,male,70,115169
2021,aus,male,71,112420
2021,aus,male,72,108519
2021,aus,male,73,108559
2021,aus,male,74,110061
2021,aus,male,75,90620
2021,aus,male,76,84418
2021,aus,male,77,78269
2021,aus,male,78,68488
2021,aus,male,79,66092
2021,aus,male,80,59106
2021,aus,male,81,55042
2021,aus,male,82,49923
2021,aus,male,83,45137
2021,aus,male,84,40755
2021,aus,male,85,35693
2021,aus,male,86,30567
2021,aus,male,87,26512
2021,aus,male,88,23098
2021,aus,male,89,19887
2021,aus,male,90,17390
2021,aus,male,91,14597
2021,aus,male,92,11458
2021,aus,male,93,8755
2021,aus,male,94,6574
2021,aus,male,95,5059
2021,aus,male,96,3496
2021,aus,male,97,2303
2021,aus,male,98,1454
2021,aus,male,99,894
2021,aus,male,100,1081
2022,aus,female,0,150193
2022,aus,female,1,145777
2022,aus,female,2,144296
2022,aus,female,3,147019
2022,aus,female,4,148710
2022,aus,female,5,152290
2022,aus,female,6,157110
2022,aus,female,7,155771
2022,aus,female,8,157991
2022,aus,female,9,159436
2022,aus,female,10,159947
2022,aus,female,11,158776
2022,aus,female,12,160747
2022,aus,female,13,158556
2022,aus,female,14,158619
2022,aus,female,15,156247
2022,aus,female,16,150503
2022,aus,female,17,144837
2022,aus,female,18,144458
2022,aus,female,19,146993
2022,aus,female,20,149589
2022,aus,female,21,155021
2022,aus,female,22,159681
2022,aus,female,23,161765
2022,aus,female,24,165751
2022,aus,female,25,171091
2022,aus,female,26,176087
2022,aus,female,27,182457
2022,aus,female,28,184891
2022,aus,female,29,188098
2022,aus,female,30,191041
2022,aus,female,31,195242
2022,aus,female,32,195686
2022,aus,female,33,193313
2022,aus,female,34,192744
2022,aus,female,35,191763
2022,aus,female,36,192293
2022,aus,female,37,191801
2022,aus,female,38,189612
2022,aus,female,39,188716
2022,aus,female,40,182750
2022,aus,female,41,178775
2022,aus,female,42,170919
2022,aus,female,43,167590
2022,aus,female,44,163040
2022,aus,female,45,161648
2022,aus,female,46,160639
2022,aus,female,47,162589
2022,aus,female,48,165292
2022,aus,female,49,169245
2022,aus,female,50,175938
2022,aus,female,51,177872
2022,aus,female,52,165603
2022,aus,female,53,163648
2022,aus,female,54,156723
2022,aus,female,55,153230
2022,aus,female,56,152681
2022,aus,female,57,154655
2022,aus,female,58,158944
2022,aus,female,59,160793
2022,aus,female,60,159331
2022,aus,female,61,158303
2022,aus,female,62,152973
2022,aus,female,63,149739
2022,aus,female,64,146561
2022,aus,female,65,142369
2022,aus,female,66,138719
2022,aus,female,67,135135
2022,aus,female,68,130906
2022,aus,female,69,128498
2022,aus,female,70,124163
2022,aus,female,71,122125
2022,aus,female,72,119325
2022,aus,female,73,114744
2022,aus,female,74,113386
2022,aus,female,75,114732
2022,aus,female,76,94164
2022,aus,female,77,89021
2022,aus,female,78,82651
2022,aus,female,79,73613
2022,aus,female,80,70389
2022,aus,female,81,64428
2022,aus,female,82,60924
2022,aus,female,83,57162
2022,aus,female,84,52287
2022,aus,female,85,47872
2022,aus,female,86,42969
2022,aus,female,87,38253
2022,aus,female,88,33554
2022,aus,female,89,30241
2022,aus,female,90,26666
2022,aus,female,91,24031
2022,aus,female,92,20774
2022,aus,female,93,16832
2022,aus,female,94,13795
2022,aus,female,95,10593
2022,aus,female,96,8306
2022,aus,female,97,6133
2022,aus,female,98,4161
2022,aus,female,99,2798
2022,aus,female,100,4383
2022,aus,male,0,157795
2022,aus,male,1,153734
2022,aus,male,2,152266
2022,aus,male,3,156305
2022,aus,male,4,157328
2022,aus,male,5,161231
2022,aus,male,6,166185
2022,aus,male,7,165536
2022,aus,male,8,167208
2022,aus,male,9,169254
2022,aus,male,10,168547
2022,aus,male,11,167679
2022,aus,male,12,169399
2022,aus,male,13,168309
2022,aus,male,14,168084
2022,aus,male,15,166752
2022,aus,male,16,159802
2022,aus,male,17,154727
2022,aus,male,18,153757
2022,aus,male,19,155751
2022,aus,male,20,159878
2022,aus,male,21,168204
2022,aus,male,22,172107
2022,aus,male,23,172389
2022,aus,male,24,174952
2022,aus,male,25,179144
2022,aus,male,26,183508
2022,aus,male,27,188238
2022,aus,male,28,187343
2022,aus,male,29,187171
2022,aus,male,30,187488
2022,aus,male,31,191447
2022,aus,male,32,192030
2022,aus,male,33,189557
2022,aus,male,34,187689
2022,aus,male,35,188218
2022,aus,male,36,189792
2022,aus,male,37,188530
2022,aus,male,38,187245
2022,aus,male,39,186989
2022,aus,male,40,180921
2022,aus,male,41,175313
2022,aus,male,42,166108
2022,aus,male,43,161997
2022,aus,male,44,157702
2022,aus,male,45,157011
2022,aus,male,46,158620
2022,aus,male,47,159738
2022,aus,male,48,162205
2022,aus,male,49,165631
2022,aus,male,50,170834
2022,aus,male,51,171892
2022,aus,male,52,161030
2022,aus,male,53,158244
2022,aus,male,54,151997
2022,aus,male,55,148871
2022,aus,male,56,148160
2022,aus,male,57,149639
2022,aus,male,58,153300
2022,aus,male,59,154597
2022,aus,male,60,153010
2022,aus,male,61,150590
2022,aus,male,62,144199
2022,aus,male,63,141103
2022,aus,male,64,136666
2022,aus,male,65,132871
2022,aus,male,66,130174
2022,aus,male,67,124724
2022,aus,male,68,120488
2022,aus,male,69,119062
2022,aus,male,70,115135
2022,aus,male,71,113252
2022,aus,male,72,110311
2022,aus,male,73,106293
2022,aus,male,74,106181
2022,aus,male,75,107242
2022,aus,male,76,88148
2022,aus,male,77,81870
2022,aus,male,78,75507
2022,aus,male,79,65909
2022,aus,male,80,63219
2022,aus,male,81,56175
2022,aus,male,82,52053
2022,aus,male,83,46802
2022,aus,male,84,42037
2022,aus,male,85,37649
2022,aus,male,86,32496
2022,aus,male,87,27432
2022,aus,male,88,23509
2022,aus,male,89,20168
2022,aus,male,90,17005
2022,aus,male,91,14535
2022,aus,male,92,12004
2022,aus,male,93,9163
2022,aus,male,94,6783
2022,aus,male,95,4988
2022,aus,male,96,3789
2022,aus,male,97,2541
2022,aus,male,98,1574
2022,aus,male,99,1010
2022,aus,male,100,1175
2023,aus,female,0,141334
2023,aus,female,1,151475
2023,aus,female,2,147292
2023,aus,female,3,146240
2023,aus,female,4,149289
2023,aus,female,5,151043
2023,aus,female,6,154438
2023,aus,female,7,159150
2023,aus,female,8,157802
2023,aus,female,9,159803
2023,aus,female,10,161122
2023,aus,female,11,161635
2023,aus,female,12,160383
2023,aus,female,13,162332
2023,aus,female,14,160159
2023,aus,female,15,160397
2023,aus,female,16,158051
2023,aus,female,17,152420
2023,aus,female,18,151202
2023,aus,female,19,156125
2023,aus,female,20,157043
2023,aus,female,21,158759
2023,aus,female,22,166285
2023,aus,female,23,174349
2023,aus,female,24,177228
2023,aus,female,25,181775
2023,aus,female,26,186580
2023,aus,female,27,190514
2023,aus,female,28,195134
2023,aus,female,29,196151
2023,aus,female,30,198346
2023,aus,female,31,199562
2023,aus,female,32,202393
2023,aus,female,33,202013
2023,aus,female,34,198950
2023,aus,female,35,197629
2023,aus,female,36,196070
2023,aus,female,37,196160
2023,aus,female,38,195242
2023,aus,female,39,192604
2023,aus,female,40,191308
2023,aus,female,41,185167
2023,aus,female,42,180744
2023,aus,female,43,172634
2023,aus,female,44,169092
2023,aus,female,45,164223
2023,aus,female,46,162646
2023,aus,female,47,161591
2023,aus,female,48,163333
2023,aus,female,49,165913
2023,aus,female,50,169740
2023,aus,female,51,176437
2023,aus,female,52,178244
2023,aus,female,53,165879
2023,aus,female,54,163738
2023,aus,female,55,156885
2023,aus,female,56,153327
2023,aus,female,57,152721
2023,aus,female,58,154594
2023,aus,female,59,158847
2023,aus,female,60,160548
2023,aus,female,61,159106
2023,aus,female,62,157944
2023,aus,female,63,152489
2023,aus,female,64,149223
2023,aus,female,65,145982
2023,aus,female,66,141762
2023,aus,female,67,138152
2023,aus,female,68,134447
2023,aus,female,69,130026
2023,aus,female,70,127562
2023,aus,female,71,123180
2023,aus,female,72,121000
2023,aus,female,73,117979
2023,aus,female,74,113316
2023,aus,female,75,111714
2023,aus,female,76,112816
2023,aus,female,77,92448
2023,aus,female,78,87057
2023,aus,female,79,80640
2023,aus,female,80,71414
2023,aus,female,81,68043
2023,aus,female,82,62055
2023,aus,female,83,58322
2023,aus,female,84,54290
2023,aus,female,85,49365
2023,aus,female,86,44694
2023,aus,female,87,39806
2023,aus,female,88,34998
2023,aus,female,89,30111
2023,aus,female,90,26753
2023,aus,female,91,23217
2023,aus,female,92,20541
2023,aus,female,93,17350
2023,aus,female,94,13733
2023,aus,female,95,10885
2023,aus,female,96,8155
2023,aus,female,97,6291
2023,aus,female,98,4448
2023,aus,female,99,2883
2023,aus,female,100,4523
2023,aus,male,0,149717
2023,aus,male,1,159217
2023,aus,male,2,155340
2023,aus,male,3,154201
2023,aus,male,4,158527
2023,aus,male,5,159777
2023,aus,male,6,163487
2023,aus,male,7,168224
2023,aus,male,8,167534
2023,aus,male,9,169144
2023,aus,male,10,171135
2023,aus,male,11,170384
2023,aus,male,12,169459
2023,aus,male,13,170946
2023,aus,male,14,169962
2023,aus,male,15,169774
2023,aus,male,16,168609
2023,aus,male,17,161752
2023,aus,male,18,161941
2023,aus,male,19,168196
2023,aus,male,20,169365
2023,aus,male,21,171763
2023,aus,male,22,181605
2023,aus,male,23,187904
2023,aus,male,24,187655
2023,aus,male,25,190034
2023,aus,male,26,193427
2023,aus,male,27,196316
2023,aus,male,28,199830
2023,aus,male,29,197687
2023,aus,male,30,196863
2023,aus,male,31,195896
2023,aus,male,32,198810
2023,aus,male,33,198805
2023,aus,male,34,195667
2023,aus,male,35,192919
2023,aus,male,36,193029
2023,aus,male,37,194184
2023,aus,male,38,192235
2023,aus,male,39,190678
2023,aus,male,40,190073
2023,aus,male,41,183617
2023,aus,male,42,177488
2023,aus,male,43,168041
2023,aus,male,44,163514
2023,aus,male,45,158811
2023,aus,male,46,157957
2023,aus,male,47,159359
2023,aus,male,48,160347
2023,aus,male,49,162622
2023,aus,male,50,165885
2023,aus,male,51,170828
2023,aus,male,52,171833
2023,aus,male,53,160802
2023,aus,male,54,157950
2023,aus,male,55,151609
2023,aus,male,56,148448
2023,aus,male,57,147682
2023,aus,male,58,149023
2023,aus,male,59,152552
2023,aus,male,60,153761
2023,aus,male,61,152193
2023,aus,male,62,149577
2023,aus,male,63,143101
2023,aus,male,64,139894
2023,aus,male,65,135408
2023,aus,male,66,131577
2023,aus,male,67,128777
2023,aus,male,68,123245
2023,aus,male,69,118983
2023,aus,male,70,117402
2023,aus,male,71,113406
2023,aus,male,72,111368
2023,aus,male,73,108245
2023,aus,male,74,104128
2023,aus,male,75,103638
2023,aus,male,76,104322
2023,aus,male,77,85593
2023,aus,male,78,79178
2023,aus,male,79,72650
2023,aus,male,80,63069
2023,aus,male,81,60126
2023,aus,male,82,53207
2023,aus,male,83,48869
2023,aus,male,84,43656
2023,aus,male,85,38763
2023,aus,male,86,34320
2023,aus,male,87,29298
2023,aus,male,88,24401
2023,aus,male,89,20493
2023,aus,male,90,17293
2023,aus,male,91,14223
2023,aus,male,92,11919
2023,aus,male,93,9583
2023,aus,male,94,7191
2023,aus,male,95,5117
2023,aus,male,96,3712
2023,aus,male,97,2744
2023,aus,male,98,1820
2023,aus,male,99,1079
2023,aus,male,100,1344
2024,aus,female,0,141344
2024,aus,female,1,142899
2024,aus,female,2,153326
2024,aus,female,3,149178
2024,aus,female,4,148386
2024,aus,female,5,151599
2024,aus,female,6,153167
2024,aus,female,7,156486
2024,aus,female,8,161074
2024,aus,female,9,159699
2024,aus,female,10,161678
2024,aus,female,11,162936
2024,aus,female,12,163492
2024,aus,female,13,161991
2024,aus,female,14,163900
2024,aus,female,15,162014
2024,aus,female,16,162572
2024,aus,female,17,160242
2024,aus,female,18,158786
2024,aus,female,19,162077
2024,aus,female,20,163643
2024,aus,female,21,163091
2024,aus,female,22,167307
2024,aus,female,23,178830
2024,aus,female,24,185939
2024,aus,female,25,188275
2024,aus,female,26,192961
2024,aus,female,27,197236
2024,aus,female,28,199907
2024,aus,female,29,203549
2024,aus,female,30,203384
2024,aus,female,31,204141
2024,aus,female,32,204321
2024,aus,female,33,206611
2024,aus,female,34,206239
2024,aus,female,35,202607
2024,aus,female,36,201015
2024,aus,female,37,199220
2024,aus,female,38,199109
2024,aus,female,39,197915
2024,aus,female,40,195160
2024,aus,female,41,193453
2024,aus,female,42,187124
2024,aus,female,43,182342
2024,aus,female,44,174028
2024,aus,female,45,170304
2024,aus,female,46,165218
2024,aus,female,47,163465
2024,aus,female,48,162325
2024,aus,female,49,163889
2024,aus,female,50,166364
2024,aus,female,51,170086
2024,aus,female,52,176718
2024,aus,female,53,178392
2024,aus,female,54,166108
2024,aus,female,55,163860
2024,aus,female,56,156934
2024,aus,female,57,153205
2024,aus,female,58,152640
2024,aus,female,59,154540
2024,aus,female,60,158637
2024,aus,female,61,160346
2024,aus,female,62,158726
2024,aus,female,63,157577
2024,aus,female,64,152068
2024,aus,female,65,148551
2024,aus,female,66,145536
2024,aus,female,67,141203
2024,aus,female,68,137565
2024,aus,female,69,133717
2024,aus,female,70,129155
2024,aus,female,71,126529
2024,aus,female,72,122030
2024,aus,female,73,119739
2024,aus,female,74,116613
2024,aus,female,75,111821
2024,aus,female,76,110011
2024,aus,female,77,110794
2024,aus,female,78,90643
2024,aus,female,79,85089
2024,aus,female,80,78429
2024,aus,female,81,69259
2024,aus,female,82,65521
2024,aus,female,83,59469
2024,aus,female,84,55602
2024,aus,female,85,51346
2024,aus,female,86,46381
2024,aus,female,87,41538
2024,aus,female,88,36632
2024,aus,female,89,31665
2024,aus,female,90,26808
2024,aus,female,91,23583
2024,aus,female,92,19998
2024,aus,female,93,17338
2024,aus,female,94,14193
2024,aus,female,95,10957
2024,aus,female,96,8380
2024,aus,female,97,6195
2024,aus,female,98,4756
2024,aus,female,99,3190
2024,aus,female,100,4731
2024,aus,male,0,148928
2024,aus,male,1,151249
2024,aus,male,2,161058
2024,aus,male,3,157302
2024,aus,male,4,156448
2024,aus,male,5,160930
2024,aus,male,6,162117
2024,aus,male,7,165607
2024,aus,male,8,170310
2024,aus,male,9,169571
2024,aus,male,10,171020
2024,aus,male,11,173022
2024,aus,male,12,172350
2024,aus,male,13,171224
2024,aus,male,14,172673
2024,aus,male,15,171823
2024,aus,male,16,171856
2024,aus,male,17,170840
2024,aus,male,18,167909
2024,aus,male,19,173780
2024,aus,male,20,177153
2024,aus,male,21,176904
2024,aus,male,22,181401
2024,aus,male,23,194536
2024,aus,male,24,199354
2024,aus,male,25,198032
2024,aus,male,26,200264
2024,aus,male,27,202555
2024,aus,male,28,204169
2024,aus,male,29,206794
2024,aus,male,30,203792
2024,aus,male,31,202270
2024,aus,male,32,200450
2024,aus,male,33,203112
2024,aus,male,34,202872
2024,aus,male,35,199574
2024,aus,male,36,196467
2024,aus,male,37,196407
2024,aus,male,38,197208
2024,aus,male,39,194989
2024,aus,male,40,193125
2024,aus,male,41,192144
2024,aus,male,42,185471
2024,aus,male,43,179015
2024,aus,male,44,169440
2024,aus,male,45,164497
2024,aus,male,46,159513
2024,aus,male,47,158464
2024,aus,male,48,159808
2024,aus,male,49,160716
2024,aus,male,50,162701
2024,aus,male,51,165930
2024,aus,male,52,170728
2024,aus,male,53,171601
2024,aus,male,54,160584
2024,aus,male,55,157628
2024,aus,male,56,151237
2024,aus,male,57,147941
2024,aus,male,58,147199
2024,aus,male,59,148330
2024,aus,male,60,151915
2024,aus,male,61,152953
2024,aus,male,62,151273
2024,aus,male,63,148601
2024,aus,male,64,141939
2024,aus,male,65,138637
2024,aus,male,66,134346
2024,aus,male,67,130322
2024,aus,male,68,127398
2024,aus,male,69,121838
2024,aus,male,70,117421
2024,aus,male,71,115699
2024,aus,male,72,111602
2024,aus,male,73,109420
2024,aus,male,74,106000
2024,aus,male,75,101884
2024,aus,male,76,101183
2024,aus,male,77,101309
2024,aus,male,78,82968
2024,aus,male,79,76407
2024,aus,male,80,69758
2024,aus,male,81,60272
2024,aus,male,82,57186
2024,aus,male,83,50128
2024,aus,male,84,45742
2024,aus,male,85,40469
2024,aus,male,86,35441
2024,aus,male,87,31089
2024,aus,male,88,26169
2024,aus,male,89,21365
2024,aus,male,90,17714
2024,aus,male,91,14643
2024,aus,male,92,11780
2024,aus,male,93,9691
2024,aus,male,94,7674
2024,aus,male,95,5591
2024,aus,male,96,3818
2024,aus,male,97,2654
2024,aus,male,98,2037
2024,aus,male,99,1303
2024,aus,male,100,1633
2025,aus,female,0,145900
2025,aus,female,1,142385
2025,aus,female,2,144446
2025,aus,female,3,154842
2025,aus,female,4,150855
2025,aus,female,5,150389
2025,aus,female,6,153447
2025,aus,female,7,154791
2025,aus,female,8,158144
2025,aus,female,9,162661
2025,aus,female,10,161210
2025,aus,female,11,163281
2025,aus,female,12,164505
2025,aus,female,13,164969
2025,aus,female,14,163430
2025,aus,female,15,165449
2025,aus,female,16,163717
2025,aus,female,17,164435
2025,aus,female,18,165624
2025,aus,female,19,168173
2025,aus,female,20,168623
2025,aus,female,21,168543
2025,aus,female,22,170258
2025,aus,female,23,176894
2025,aus,female,24,186613
2025,aus,female,25,193151
2025,aus,female,26,195322
2025,aus,female,27,199746
2025,aus,female,28,203209
2025,aus,female,29,204919
2025,aus,female,30,208210
2025,aus,female,31,206895
2025,aus,female,32,206630
2025,aus,female,33,206523
2025,aus,female,34,208878
2025,aus,female,35,208327
2025,aus,female,36,204375
2025,aus,female,37,203023
2025,aus,female,38,201091
2025,aus,female,39,200913
2025,aus,female,40,199474
2025,aus,female,41,196683
2025,aus,female,42,194816
2025,aus,female,43,188409
2025,aus,female,44,183284
2025,aus,female,45,174869
2025,aus,female,46,170962
2025,aus,female,47,165748
2025,aus,female,48,163835
2025,aus,female,49,162658
2025,aus,female,50,164104
2025,aus,female,51,166590
2025,aus,female,52,170304
2025,aus,female,53,176786
2025,aus,female,54,178491
2025,aus,female,55,166082
2025,aus,female,56,163895
2025,aus,female,57,156786
2025,aus,female,58,153072
2025,aus,female,59,152452
2025,aus,female,60,154319
2025,aus,female,61,158466
2025,aus,female,62,159998
2025,aus,female,63,158329
2025,aus,female,64,157069
2025,aus,female,65,151448
2025,aus,female,66,148029
2025,aus,female,67,145036
2025,aus,female,68,140425
2025,aus,female,69,136771
2025,aus,female,70,132870
2025,aus,female,71,128151
2025,aus,female,72,125509
2025,aus,female,73,120746
2025,aus,female,74,118397
2025,aus,female,75,115007
2025,aus,female,76,110064
2025,aus,female,77,108166
2025,aus,female,78,108939
2025,aus,female,79,88695
2025,aus,female,80,82966
2025,aus,female,81,76197
2025,aus,female,82,66898
2025,aus,female,83,62990
2025,aus,female,84,56765
2025,aus,female,85,52717
2025,aus,female,86,48240
2025,aus,female,87,43256
2025,aus,female,88,38289
2025,aus,female,89,33253
2025,aus,female,90,28265
2025,aus,female,91,23434
2025,aus,female,92,20170
2025,aus,female,93,16696
2025,aus,female,94,14188
2025,aus,female,95,11386
2025,aus,female,96,8476
2025,aus,female,97,6402
2025,aus,female,98,4570
2025,aus,female,99,3480
2025,aus,female,100,5237
2025,aus,male,0,153971
2025,aus,male,1,150180
2025,aus,male,2,152801
2025,aus,male,3,162794
2025,aus,male,4,159109
2025,aus,male,5,158369
2025,aus,male,6,162845
2025,aus,male,7,163903
2025,aus,male,8,167277
2025,aus,male,9,172031
2025,aus,male,10,171314
2025,aus,male,11,172596
2025,aus,male,12,174663
2025,aus,male,13,173959
2025,aus,male,14,172693
2025,aus,male,15,174305
2025,aus,male,16,173418
2025,aus,male,17,173646
2025,aus,male,18,176677
2025,aus,male,19,178842
2025,aus,male,20,181679
2025,aus,male,21,183010
2025,aus,male,22,184666
2025,aus,male,23,191482
2025,aus,male,24,202239
2025,aus,male,25,205325
2025,aus,male,26,203459
2025,aus,male,27,205360
2025,aus,male,28,206850
2025,aus,male,29,207871
2025,aus,male,30,210055
2025,aus,male,31,206219
2025,aus,male,32,204181
2025,aus,male,33,202274
2025,aus,male,34,204973
2025,aus,male,35,204890
2025,aus,male,36,201290
2025,aus,male,37,198123
2025,aus,male,38,197998
2025,aus,male,39,198629
2025,aus,male,40,196456
2025,aus,male,41,194266
2025,aus,male,42,193257
2025,aus,male,43,186390
2025,aus,male,44,179664
2025,aus,male,45,169890
2025,aus,male,46,164941
2025,aus,male,47,159824
2025,aus,male,48,158613
2025,aus,male,49,159794
2025,aus,male,50,160631
2025,aus,male,51,162546
2025,aus,male,52,165642
2025,aus,male,53,170448
2025,aus,male,54,171136
2025,aus,male,55,160095
2025,aus,male,56,157159
2025,aus,male,57,150662
2025,aus,male,58,147256
2025,aus,male,59,146470
2025,aus,male,60,147416
2025,aus,male,61,151031
2025,aus,male,62,152157
2025,aus,male,63,150227
2025,aus,male,64,147425
2025,aus,male,65,140810
2025,aus,male,66,137521
2025,aus,male,67,133162
2025,aus,male,68,128871
2025,aus,male,69,125892
2025,aus,male,70,120291
2025,aus,male,71,115782
2025,aus,male,72,113966
2025,aus,male,73,109641
2025,aus,male,74,107354
2025,aus,male,75,103527
2025,aus,male,76,99222
2025,aus,male,77,98589
2025,aus,male,78,98705
2025,aus,male,79,80306
2025,aus,male,80,73604
2025,aus,male,81,66854
2025,aus,male,82,57342
2025,aus,male,83,54086
2025,aus,male,84,47032
2025,aus,male,85,42542
2025,aus,male,86,37213
2025,aus,male,87,32271
2025,aus,male,88,28035
2025,aus,male,89,23188
2025,aus,male,90,18500
2025,aus,male,91,14957
2025,aus,male,92,12070
2025,aus,male,93,9457
2025,aus,male,94,7736
2025,aus,male,95,6027
2025,aus,male,96,4307
2025,aus,male,97,2791
2025,aus,male,98,1941
2025,aus,male,99,1559
2025,aus,male,100,2108
