year,origin,destination,persons
2010,act,nsw,9766
2010,act,nt,434
2010,act,qld,3330
2010,act,sa,603
2010,act,tas,303
2010,act,vic,2709
2010,act,wa,886
2010,nsw,act,11162
2010,nsw,nt,3207
2010,nsw,qld,40991
2010,nsw,sa,5051
2010,nsw,tas,2301
2010,nsw,vic,23194
2010,nsw,wa,9758
2010,nt,act,613
2010,nt,nsw,2875
2010,nt,qld,5408
2010,nt,sa,2890
2010,nt,tas,458
2010,nt,vic,2649
2010,nt,wa,2772
2010,qld,act,3083
2010,qld,nsw,34925
2010,qld,nt,4429
2010,qld,sa,4760
2010,qld,tas,3341
2010,qld,vic,18201
2010,qld,wa,9745
2010,sa,act,830
2010,sa,nsw,5097
2010,sa,nt,1896
2010,sa,qld,5899
2010,sa,tas,753
2010,sa,vic,6819
2010,sa,wa,3303
2010,tas,act,344
2010,tas,nsw,2166
2010,tas,nt,369
2010,tas,qld,3136
2010,tas,sa,713
2010,tas,vic,3145
2010,tas,wa,1676
2010,vic,act,2597
2010,vic,nsw,20171
2010,vic,nt,2809
2010,vic,qld,18567
2010,vic,sa,5651
2010,vic,tas,2858
2010,vic,wa,8745
2010,wa,act,784
2010,wa,nsw,7224
2010,wa,nt,1973
2010,wa,qld,7968
2010,wa,sa,2326
2010,wa,tas,1485
2010,wa,vic,8229
2011,act,nsw,10296
2011,act,nt,451
2011,act,qld,3221
2011,act,sa,705
2011,act,tas,259
2011,act,vic,2795
2011,act,wa,897
2011,nsw,act,11775
2011,nsw,nt,3530
2011,nsw,qld,44964
2011,nsw,sa,5447
2011,nsw,tas,2339
2011,nsw,vic,25051
2011,nsw,wa,10800
2011,nt,act,523
2011,nt,nsw,3003
2011,nt,qld,5374
2011,nt,sa,2443
2011,nt,tas,447
2011,nt,vic,2715
2011,nt,wa,2601
2011,qld,act,2911
2011,qld,nsw,35355
2011,qld,nt,4845
2011,qld,sa,4716
2011,qld,tas,3060
2011,qld,vic,18938
2011,qld,wa,10331
2011,sa,act,868
2011,sa,nsw,5307
2011,sa,nt,1961
2011,sa,qld,5978
2011,sa,tas,732
2011,sa,vic,7642
2011,sa,wa,3388
2011,tas,act,330
2011,tas,nsw,2437
2011,tas,nt,358
2011,tas,qld,3603
2011,tas,sa,768
2011,tas,vic,3886
2011,tas,wa,1882
2011,vic,act,2617
2011,vic,nsw,21809
2011,vic,nt,3352
2011,vic,qld,20369
2011,vic,sa,6051
2011,vic,tas,2991
2011,vic,wa,10161
2011,wa,act,745
2011,wa,nsw,7582
2011,wa,nt,1918
2011,wa,qld,8441
2011,wa,sa,2528
2011,wa,tas,1511
2011,wa,vic,8730
2012,act,nsw,9722
2012,act,nt,382
2012,act,qld,3175
2012,act,sa,594
2012,act,tas,208
2012,act,vic,2971
2012,act,wa,879
2012,nsw,act,10642
2012,nsw,nt,3075
2012,nsw,qld,41691
2012,nsw,sa,4936
2012,nsw,tas,2310
2012,nsw,vic,25186
2012,nsw,wa,9786
2012,nt,act,476
2012,nt,nsw,2844
2012,nt,qld,5071
2012,nt,sa,2263
2012,nt,tas,322
2012,nt,vic,2577
2012,nt,wa,2585
2012,qld,act,2770
2012,qld,nsw,34410
2012,qld,nt,4500
2012,qld,sa,4499
2012,qld,tas,3038
2012,qld,vic,19890
2012,qld,wa,9635
2012,sa,act,813
2012,sa,nsw,5372
2012,sa,nt,1959
2012,sa,qld,6153
2012,sa,tas,665
2012,sa,vic,7796
2012,sa,wa,3407
2012,tas,act,283
2012,tas,nsw,2176
2012,tas,nt,452
2012,tas,qld,3271
2012,tas,sa,723
2012,tas,vic,3717
2012,tas,wa,1649
2012,vic,act,2467
2012,vic,nsw,21001
2012,vic,nt,3144
2012,vic,qld,19708
2012,vic,sa,5952
2012,vic,tas,2874
2012,vic,wa,9505
2012,wa,act,682
2012,wa,nsw,7455
2012,wa,nt,2145
2012,wa,qld,8557
2012,wa,sa,2438
2012,wa,tas,1568
2012,wa,vic,8927
2013,act,nsw,10307
2013,act,nt,364
2013,act,qld,3441
2013,act,sa,679
2013,act,tas,284
2013,act,vic,3331
2013,act,wa,900
2013,nsw,act,10439
2013,nsw,nt,3110
2013,nsw,qld,41917
2013,nsw,sa,5220
2013,nsw,tas,2390
2013,nsw,vic,26236
2013,nsw,wa,8710
2013,nt,act,570
2013,nt,nsw,3233
2013,nt,qld,5701
2013,nt,sa,2385
2013,nt,tas,383
2013,nt,vic,2814
2013,nt,wa,2447
2013,qld,act,2978
2013,qld,nsw,37616
2013,qld,nt,4368
2013,qld,sa,4867
2013,qld,tas,3115
2013,qld,vic,21157
2013,qld,wa,9010
2013,sa,act,873
2013,sa,nsw,6074
2013,sa,nt,1844
2013,sa,qld,5811
2013,sa,tas,691
2013,sa,vic,8250
2013,sa,wa,2988
2013,tas,act,270
2013,tas,nsw,2313
2013,tas,nt,322
2013,tas,qld,3199
2013,tas,sa,725
2013,tas,vic,3690
2013,tas,wa,1432
2013,vic,act,2561
2013,vic,nsw,23108
2013,vic,nt,2964
2013,vic,qld,20065
2013,vic,sa,5977
2013,vic,tas,2906
2013,vic,wa,8172
2013,wa,act,803
2013,wa,nsw,8620
2013,wa,nt,2140
2013,wa,qld,9282
2013,wa,sa,2789
2013,wa,tas,1747
2013,wa,vic,10006
2014,act,nsw,10252
2014,act,nt,303
2014,act,qld,3261
2014,act,sa,606
2014,act,tas,206
2014,act,vic,3425
2014,act,wa,696
2014,nsw,act,10835
2014,nsw,nt,2720
2014,nsw,qld,40507
2014,nsw,sa,4961
2014,nsw,tas,2265
2014,nsw,vic,25983
2014,nsw,wa,7605
2014,nt,act,509
2014,nt,nsw,3009
2014,nt,qld,5639
2014,nt,sa,2259
2014,nt,tas,325
2014,nt,vic,2871
2014,nt,wa,2302
2014,qld,act,2853
2014,qld,nsw,35562
2014,qld,nt,4276
2014,qld,sa,4425
2014,qld,tas,3238
2014,qld,vic,20015
2014,qld,wa,8267
2014,sa,act,785
2014,sa,nsw,5923
2014,sa,nt,1747
2014,sa,qld,5629
2014,sa,tas,686
2014,sa,vic,8398
2014,sa,wa,2607
2014,tas,act,262
2014,tas,nsw,2103
2014,tas,nt,265
2014,tas,qld,2998
2014,tas,sa,594
2014,tas,vic,3664
2014,tas,wa,1197
2014,vic,act,2577
2014,vic,nsw,22648
2014,vic,nt,2740
2014,vic,qld,18961
2014,vic,sa,5762
2014,vic,tas,2888
2014,vic,wa,7652
2014,wa,act,825
2014,wa,nsw,8602
2014,wa,nt,2522
2014,wa,qld,8510
2014,wa,sa,2600
2014,wa,tas,1602
2014,wa,vic,9944
2015,act,nsw,10900
2015,act,nt,344
2015,act,qld,3614
2015,act,sa,724
2015,act,tas,267
2015,act,vic,3758
2015,act,wa,682
2015,nsw,act,11819
2015,nsw,nt,2876
2015,nsw,qld,45093
2015,nsw,sa,5347
2015,nsw,tas,2753
2015,nsw,vic,30418
2015,nsw,wa,7266
2015,nt,act,485
2015,nt,nsw,3085
2015,nt,qld,5730
2015,nt,sa,2369
2015,nt,tas,395
2015,nt,vic,3078
2015,nt,wa,2246
2015,qld,act,3174
2015,qld,nsw,37568
2015,qld,nt,4488
2015,qld,sa,4238
2015,qld,tas,3344
2015,qld,vic,21489
2015,qld,wa,7698
2015,sa,act,894
2015,sa,nsw,6381
2015,sa,nt,1953
2015,sa,qld,6246
2015,sa,tas,727
2015,sa,vic,9924
2015,sa,wa,2901
2015,tas,act,295
2015,tas,nsw,2090
2015,tas,nt,308
2015,tas,qld,3141
2015,tas,sa,663
2015,tas,vic,3963
2015,tas,wa,1134
2015,vic,act,2838
2015,vic,nsw,24315
2015,vic,nt,2794
2015,vic,qld,20559
2015,vic,sa,5897
2015,vic,tas,3203
2015,vic,wa,6974
2015,wa,act,1174
2015,wa,nsw,9697
2015,wa,nt,2599
2015,wa,qld,9634
2015,wa,sa,2573
2015,wa,tas,1664
2015,wa,vic,11580
2016,act,nsw,11972
2016,act,nt,382
2016,act,qld,3855
2016,act,sa,772
2016,act,tas,340
2016,act,vic,3675
2016,act,wa,701
2016,nsw,act,13802
2016,nsw,nt,3273
2016,nsw,qld,56289
2016,nsw,sa,6602
2016,nsw,tas,3573
2016,nsw,vic,34595
2016,nsw,wa,8538
2016,nt,act,529
2016,nt,nsw,3391
2016,nt,qld,6135
2016,nt,sa,2321
2016,nt,tas,438
2016,nt,vic,3633
2016,nt,wa,2507
2016,qld,act,3792
2016,qld,nsw,44760
2016,qld,nt,4976
2016,qld,sa,5283
2016,qld,tas,4263
2016,qld,vic,24700
2016,qld,wa,8412
2016,sa,act,1211
2016,sa,nsw,7269
2016,sa,nt,2138
2016,sa,qld,7351
2016,sa,tas,780
2016,sa,vic,10750
2016,sa,wa,3070
2016,tas,act,355
2016,tas,nsw,2567
2016,tas,nt,308
2016,tas,qld,3907
2016,tas,sa,697
2016,tas,vic,4397
2016,tas,wa,1267
2016,vic,act,3620
2016,vic,nsw,28950
2016,vic,nt,3048
2016,vic,qld,25441
2016,vic,sa,7534
2016,vic,tas,4137
2016,vic,wa,8355
2016,wa,act,1303
2016,wa,nsw,11799
2016,wa,nt,2896
2016,wa,qld,10702
2016,wa,sa,3060
2016,wa,tas,1908
2016,wa,vic,13083
2017,act,nsw,12990
2017,act,nt,404
2017,act,qld,4083
2017,act,sa,865
2017,act,tas,350
2017,act,vic,4002
2017,act,wa,954
2017,nsw,act,14618
2017,nsw,nt,3419
2017,nsw,qld,61303
2017,nsw,sa,7110
2017,nsw,tas,4186
2017,nsw,vic,36140
2017,nsw,wa,9473
2017,nt,act,559
2017,nt,nsw,3527
2017,nt,qld,6486
2017,nt,sa,2659
2017,nt,tas,387
2017,nt,vic,3521
2017,nt,wa,2681
2017,qld,act,3851
2017,qld,nsw,45360
2017,qld,nt,4901
2017,qld,sa,5795
2017,qld,tas,4554
2017,qld,vic,25329
2017,qld,wa,8327
2017,sa,act,1128
2017,sa,nsw,7466
2017,sa,nt,2090
2017,sa,qld,7574
2017,sa,tas,885
2017,sa,vic,10833
2017,sa,wa,2916
2017,tas,act,356
2017,tas,nsw,2569
2017,tas,nt,314
2017,tas,qld,3915
2017,tas,sa,794
2017,tas,vic,4644
2017,tas,wa,1406
2017,vic,act,3868
2017,vic,nsw,30371
2017,vic,nt,3381
2017,vic,qld,28596
2017,vic,sa,8033
2017,vic,tas,4825
2017,vic,wa,9032
2017,wa,act,1196
2017,wa,nsw,11467
2017,wa,nt,2634
2017,wa,qld,10723
2017,wa,sa,2964
2017,wa,tas,1840
2017,wa,vic,12738
2018,act,nsw,13411
2018,act,nt,393
2018,act,qld,4441
2018,act,sa,1011
2018,act,tas,395
2018,act,vic,3913
2018,act,wa,980
2018,nsw,act,14863
2018,nsw,nt,3616
2018,nsw,qld,63001
2018,nsw,sa,7585
2018,nsw,tas,4283
2018,nsw,vic,36998
2018,nsw,wa,10541
2018,nt,act,585
2018,nt,nsw,3805
2018,nt,qld,6572
2018,nt,sa,2712
2018,nt,tas,489
2018,nt,vic,4095
2018,nt,wa,3195
2018,qld,act,4446
2018,qld,nsw,47246
2018,qld,nt,5558
2018,qld,sa,6024
2018,qld,tas,4650
2018,qld,vic,26644
2018,qld,wa,9859
2018,sa,act,1230
2018,sa,nsw,7334
2018,sa,nt,2121
2018,sa,qld,7702
2018,sa,tas,949
2018,sa,vic,10924
2018,sa,wa,3226
2018,tas,act,412
2018,tas,nsw,2667
2018,tas,nt,399
2018,tas,qld,4346
2018,tas,sa,905
2018,tas,vic,4911
2018,tas,wa,1498
2018,vic,act,4012
2018,vic,nsw,32067
2018,vic,nt,3624
2018,vic,qld,30253
2018,vic,sa,8806
2018,vic,tas,4907
2018,vic,wa,9929
2018,wa,act,1221
2018,wa,nsw,10527
2018,wa,nt,2730
2018,wa,qld,10758
2018,wa,sa,3130
2018,wa,tas,1676
2018,wa,vic,12593
2019,act,nsw,11689
2019,act,nt,451
2019,act,qld,4073
2019,act,sa,934
2019,act,tas,323
2019,act,vic,3600
2019,act,wa,824
2019,nsw,act,13340
2019,nsw,nt,3734
2019,nsw,qld,57799
2019,nsw,sa,7141
2019,nsw,tas,3948
2019,nsw,vic,31143
2019,nsw,wa,9193
2019,nt,act,599
2019,nt,nsw,3148
2019,nt,qld,5523
2019,nt,sa,2503
2019,nt,tas,424
2019,nt,vic,3251
2019,nt,wa,2577
2019,qld,act,4130
2019,qld,nsw,41493
2019,qld,nt,4877
2019,qld,sa,5552
2019,qld,tas,3897
2019,qld,vic,22318
2019,qld,wa,8608
2019,sa,act,1134
2019,sa,nsw,6620
2019,sa,nt,2024
2019,sa,qld,6791
2019,sa,tas,745
2019,sa,vic,9020
2019,sa,wa,2841
2019,tas,act,347
2019,tas,nsw,2662
2019,tas,nt,335
2019,tas,qld,3895
2019,tas,sa,778
2019,tas,vic,4518
2019,tas,wa,1297
2019,vic,act,3600
2019,vic,nsw,29821
2019,vic,nt,3423
2019,vic,qld,27955
2019,vic,sa,8395
2019,vic,tas,4046
2019,vic,wa,9142
2019,wa,act,1083
2019,wa,nsw,8415
2019,wa,nt,2282
2019,wa,qld,8598
2019,wa,sa,2619
2019,wa,tas,1337
2019,wa,vic,9880
2020,act,nsw,12760
2020,act,nt,455
2020,act,qld,4162
2020,act,sa,838
2020,act,tas,341
2020,act,vic,3268
2020,act,wa,790
2020,nsw,act,13984
2020,nsw,nt,3337
2020,nsw,qld,54453
2020,nsw,sa,6982
2020,nsw,tas,3703
2020,nsw,vic,28006
2020,nsw,wa,9073
2020,nt,act,608
2020,nt,nsw,3046
2020,nt,qld,5442
2020,nt,sa,2247
2020,nt,tas,327
2020,nt,vic,2779
2020,nt,wa,2311
2020,qld,act,3861
2020,qld,nsw,41465
2020,qld,nt,4013
2020,qld,sa,5308
2020,qld,tas,3739
2020,qld,vic,19607
2020,qld,wa,8409
2020,sa,act,1086
2020,sa,nsw,6579
2020,sa,nt,1754
2020,sa,qld,6512
2020,sa,tas,632
2020,sa,vic,7993
2020,sa,wa,2790
2020,tas,act,352
2020,tas,nsw,2988
2020,tas,nt,258
2020,tas,qld,3943
2020,tas,sa,908
2020,tas,vic,4265
2020,tas,wa,1314
2020,vic,act,3904
2020,vic,nsw,31799
2020,vic,nt,3395
2020,vic,qld,30377
2020,vic,sa,8468
2020,vic,tas,4106
2020,vic,wa,9658
2020,wa,act,1019
2020,wa,nsw,8266
2020,wa,nt,1898
2020,wa,qld,7469
2020,wa,sa,2525
2020,wa,tas,1137
2020,wa,vic,8046
2021,act,nsw,11828
2021,act,nt,376
2021,act,qld,4975
2021,act,sa,1065
2021,act,tas,408
2021,act,vic,3170
2021,act,wa,1100
2021,nsw,act,14084
2021,nsw,nt,3798
2021,nsw,qld,57831
2021,nsw,sa,7621
2021,nsw,tas,3891
2021,nsw,vic,27623
2021,nsw,wa,10192
2021,nt,act,555
2021,nt,nsw,2915
2021,nt,qld,5709
2021,nt,sa,2740
2021,nt,tas,419
2021,nt,vic,2567
2021,nt,wa,2860
2021,qld,act,3951
2021,qld,nsw,36975
2021,qld,nt,4754
2021,qld,sa,5983
2021,qld,tas,4381
2021,qld,vic,17897
2021,qld,wa,9957
2021,sa,act,1008
2021,sa,nsw,5776
2021,sa,nt,2010
2021,sa,qld,6727
2021,sa,tas,761
2021,sa,vic,7090
2021,sa,wa,3126
2021,tas,act,407
2021,tas,nsw,2799
2021,tas,nt,322
2021,tas,qld,4329
2021,tas,sa,953
2021,tas,vic,4307
2021,tas,wa,1733
2021,vic,act,4098
2021,vic,nsw,32110
2021,vic,nt,4206
2021,vic,qld,34901
2021,vic,sa,9579
2021,vic,tas,4607
2021,vic,wa,10709
2021,wa,act,978
2021,wa,nsw,7088
2021,wa,nt,2094
2021,wa,qld,7233
2021,wa,sa,2360
2021,wa,tas,1172
2021,wa,vic,6652
2022,act,nsw,10876
2022,act,nt,476
2022,act,qld,4976
2022,act,sa,1024
2022,act,tas,359
2022,act,vic,3361
2022,act,wa,1324
2022,nsw,act,12043
2022,nsw,nt,3298
2022,nsw,qld,53299
2022,nsw,sa,6819
2022,nsw,tas,3145
2022,nsw,vic,28707
2022,nsw,wa,11879
2022,nt,act,538
2022,nt,nsw,2632
2022,nt,qld,5488
2022,nt,sa,2443
2022,nt,tas,366
2022,nt,vic,3206
2022,nt,wa,2934
2022,qld,act,3554
2022,qld,nsw,32824
2022,qld,nt,4026
2022,qld,sa,5536
2022,qld,tas,3828
2022,qld,vic,19010
2022,qld,wa,10137
2022,sa,act,1010
2022,sa,nsw,5095
2022,sa,nt,1847
2022,sa,qld,6643
2022,sa,tas,634
2022,sa,vic,7575
2022,sa,wa,3169
2022,tas,act,385
2022,tas,nsw,2891
2022,tas,nt,306
2022,tas,qld,4339
2022,tas,sa,1069
2022,tas,vic,5515
2022,tas,wa,2100
2022,vic,act,3112
2022,vic,nsw,23680
2022,vic,nt,3551
2022,vic,qld,28888
2022,vic,sa,7339
2022,vic,tas,3284
2022,vic,wa,10107
2022,wa,act,780
2022,wa,nsw,5893
2022,wa,nt,1834
2022,wa,qld,6719
2022,wa,sa,2222
2022,wa,tas,1102
2022,wa,vic,6573
2023,act,nsw,10696
2023,act,nt,404
2023,act,qld,4995
2023,act,sa,938
2023,act,tas,264
2023,act,vic,3663
2023,act,wa,1294
2023,nsw,act,11593
2023,nsw,nt,3047
2023,nsw,qld,51777
2023,nsw,sa,6214
2023,nsw,tas,3124
2023,nsw,vic,27746
2023,nsw,wa,11594
2023,nt,act,486
2023,nt,nsw,2723
2023,nt,qld,5511
2023,nt,sa,2364
2023,nt,tas,348
2023,nt,vic,3005
2023,nt,wa,2954
2023,qld,act,3509
2023,qld,nsw,34305
2023,qld,nt,4106
2023,qld,sa,5067
2023,qld,tas,4147
2023,qld,vic,19586
2023,qld,wa,10473
2023,sa,act,876
2023,sa,nsw,5038
2023,sa,nt,1901
2023,sa,qld,6676
2023,sa,tas,700
2023,sa,vic,7830
2023,sa,wa,3218
2023,tas,act,417
2023,tas,nsw,2898
2023,tas,nt,238
2023,tas,qld,4428
2023,tas,sa,944
2023,tas,vic,5599
2023,tas,wa,1865
2023,vic,act,2946
2023,vic,nsw,23689
2023,vic,nt,3209
2023,vic,qld,29166
2023,vic,sa,6727
2023,vic,tas,3255
2023,vic,wa,10074
2023,wa,act,860
2023,wa,nsw,6001
2023,wa,nt,1970
2023,wa,qld,7597
2023,wa,sa,2219
2023,wa,tas,1142
2023,wa,vic,7395
2024,act,nsw,10414
2024,act,nt,419
2024,act,qld,4355
2024,act,sa,959
2024,act,tas,325
2024,act,vic,3476
2024,act,wa,1082
2024,nsw,act,11321
2024,nsw,nt,3183
2024,nsw,qld,47472
2024,nsw,sa,5632
2024,nsw,tas,3336
2024,nsw,vic,27812
2024,nsw,wa,10838
2024,nt,act,474
2024,nt,nsw,2552
2024,nt,qld,5060
2024,nt,sa,2157
2024,nt,tas,312
2024,nt,vic,2717
2024,nt,wa,2690
2024,qld,act,3338
2024,qld,nsw,34186
2024,qld,nt,3819
2024,qld,sa,5185
2024,qld,tas,4732
2024,qld,vic,19923
2024,qld,wa,9864
2024,sa,act,799
2024,sa,nsw,5013
2024,sa,nt,1921
2024,sa,qld,6658
2024,sa,tas,761
2024,sa,vic,7958
2024,sa,wa,3118
2024,tas,act,364
2024,tas,nsw,2646
2024,tas,nt,269
2024,tas,qld,4101
2024,tas,sa,830
2024,tas,vic,4960
2024,tas,wa,1519
2024,vic,act,2706
2024,vic,nsw,23748
2024,vic,nt,3285
2024,vic,qld,27626
2024,vic,sa,6883
2024,vic,tas,3375
2024,vic,wa,10273
2024,wa,act,905
2024,wa,nsw,6249
2024,wa,nt,2215
2024,wa,qld,7739
2024,wa,sa,2160
2024,wa,tas,1247
2024,wa,vic,7492
