year,sex,age_band,rate_per_1000
2010,female,0-4,0.8
2010,female,10-14,0.1
2010,female,100+,433.9
2010,female,15-19,0.2
2010,female,20-24,0.3
2010,female,25-29,0.3
2010,female,30-34,0.4
2010,female,35-39,0.6
2010,female,40-44,0.9
2010,female,45-49,1.4
2010,female,5-9,0.1
2010,female,50-54,2.1
2010,female,55-59,3.1
2010,female,60-64,4.8
2010,female,65-69,7.6
2010,female,70-74,13.6
2010,female,75-79,23.2
2010,female,80-84,45.8
2010,female,85-89,90.2
2010,female,90-94,170.6
2010,female,95-99,285.1
2010,male,0-4,1.2
2010,male,10-14,0.1
2010,male,100+,409.6
2010,male,15-19,0.5
2010,male,20-24,0.6
2010,male,25-29,0.7
2010,male,30-34,0.9
2010,male,35-39,1.2
2010,male,40-44,1.6
2010,male,45-49,2.4
2010,male,5-9,0.1
2010,male,50-54,3.5
2010,male,55-59,5.2
2010,male,60-64,7.9
2010,male,65-69,13.1
2010,male,70-74,21.8
2010,male,75-79,37.5
2010,male,80-84,68.6
2010,male,85-89,121.9
2010,male,90-94,210.2
2010,male,95-99,325.5
2011,female,0-4,0.8
2011,female,10-14,0.1
2011,female,100+,450.0
2011,female,15-19,0.2
2011,female,20-24,0.3
2011,female,25-29,0.3
2011,female,30-34,0.4
2011,female,35-39,0.6
2011,female,40-44,0.9
2011,female,45-49,1.4
2011,female,5-9,0.1
2011,female,50-54,2.1
2011,female,55-59,3.1
2011,female,60-64,4.7
2011,female,65-69,7.4
2011,female,70-74,13.3
2011,female,75-79,22.5
2011,female,80-84,44.9
2011,female,85-89,90.2
2011,female,90-94,169.7
2011,female,95-99,297.3
2011,male,0-4,1.0
2011,male,10-14,0.1
2011,male,100+,425.7
2011,male,15-19,0.4
2011,male,20-24,0.6
2011,male,25-29,0.7
2011,male,30-34,0.9
2011,male,35-39,1.1
2011,male,40-44,1.5
2011,male,45-49,2.2
2011,male,5-9,0.1
2011,male,50-54,3.4
2011,male,55-59,5.3
2011,male,60-64,8.1
2011,male,65-69,12.6
2011,male,70-74,21.2
2011,male,75-79,37.7
2011,male,80-84,67.9
2011,male,85-89,122.8
2011,male,90-94,211.6
2011,male,95-99,339.0
2012,female,0-4,0.8
2012,female,10-14,0.1
2012,female,100+,430.6
2012,female,15-19,0.3
2012,female,20-24,0.3
2012,female,25-29,0.3
2012,female,30-34,0.4
2012,female,35-39,0.6
2012,female,40-44,0.9
2012,female,45-49,1.3
2012,female,5-9,0.1
2012,female,50-54,2.0
2012,female,55-59,3.0
2012,female,60-64,4.7
2012,female,65-69,7.3
2012,female,70-74,12.5
2012,female,75-79,22.7
2012,female,80-84,44.7
2012,female,85-89,88.4
2012,female,90-94,168.3
2012,female,95-99,289.6
2012,male,0-4,0.9
2012,male,10-14,0.1
2012,male,100+,391.9
2012,male,15-19,0.4
2012,male,20-24,0.6
2012,male,25-29,0.7
2012,male,30-34,0.8
2012,male,35-39,1.1
2012,male,40-44,1.5
2012,male,45-49,2.2
2012,male,5-9,0.1
2012,male,50-54,3.3
2012,male,55-59,5.0
2012,male,60-64,7.7
2012,male,65-69,12.1
2012,male,70-74,20.1
2012,male,75-79,35.7
2012,male,80-84,65.5
2012,male,85-89,118.2
2012,male,90-94,203.8
2012,male,95-99,342.7
2013,female,0-4,0.8
2013,female,10-14,0.1
2013,female,100+,414.1
2013,female,15-19,0.2
2013,female,20-24,0.2
2013,female,25-29,0.3
2013,female,30-34,0.4
2013,female,35-39,0.6
2013,female,40-44,0.9
2013,female,45-49,1.4
2013,female,5-9,0.1
2013,female,50-54,2.0
2013,female,55-59,3.1
2013,female,60-64,4.7
2013,female,65-69,7.2
2013,female,70-74,12.0
2013,female,75-79,21.9
2013,female,80-84,43.5
2013,female,85-89,85.8
2013,female,90-94,158.1
2013,female,95-99,277.4
2013,male,0-4,0.9
2013,male,10-14,0.1
2013,male,100+,376.4
2013,male,15-19,0.4
2013,male,20-24,0.6
2013,male,25-29,0.7
2013,male,30-34,0.8
2013,male,35-39,1.1
2013,male,40-44,1.5
2013,male,45-49,2.3
2013,male,5-9,0.1
2013,male,50-54,3.3
2013,male,55-59,5.0
2013,male,60-64,7.6
2013,male,65-69,12.4
2013,male,70-74,20.1
2013,male,75-79,34.5
2013,male,80-84,63.3
2013,male,85-89,114.8
2013,male,90-94,195.8
2013,male,95-99,310.8
2014,female,0-4,0.7
2014,female,10-14,0.1
2014,female,100+,474.0
2014,female,15-19,0.2
2014,female,20-24,0.2
2014,female,25-29,0.3
2014,female,30-34,0.4
2014,female,35-39,0.6
2014,female,40-44,0.9
2014,female,45-49,1.4
2014,female,5-9,0.1
2014,female,50-54,2.1
2014,female,55-59,3.1
2014,female,60-64,4.7
2014,female,65-69,7.3
2014,female,70-74,12.5
2014,female,75-79,22.4
2014,female,80-84,43.2
2014,female,85-89,86.2
2014,female,90-94,163.8
2014,female,95-99,288.2
2014,male,0-4,0.8
2014,male,10-14,0.1
2014,male,100+,417.3
2014,male,15-19,0.3
2014,male,20-24,0.6
2014,male,25-29,0.6
2014,male,30-34,0.9
2014,male,35-39,1.2
2014,male,40-44,1.6
2014,male,45-49,2.2
2014,male,5-9,0.1
2014,male,50-54,3.4
2014,male,55-59,5.2
2014,male,60-64,8.0
2014,male,65-69,12.1
2014,male,70-74,19.6
2014,male,75-79,34.1
2014,male,80-84,63.1
2014,male,85-89,114.2
2014,male,90-94,196.9
2014,male,95-99,305.1
2015,female,0-4,0.7
2015,female,10-14,0.1
2015,female,100+,476.6
2015,female,15-19,0.2
2015,female,20-24,0.2
2015,female,25-29,0.3
2015,female,30-34,0.4
2015,female,35-39,0.7
2015,female,40-44,0.9
2015,female,45-49,1.4
2015,female,5-9,0.1
2015,female,50-54,2.1
2015,female,55-59,3.1
2015,female,60-64,4.6
2015,female,65-69,7.2
2015,female,70-74,12.3
2015,female,75-79,22.5
2015,female,80-84,43.8
2015,female,85-89,87.5
2015,female,90-94,167.0
2015,female,95-99,292.1
2015,male,0-4,0.8
2015,male,10-14,0.1
2015,male,100+,453.9
2015,male,15-19,0.4
2015,male,20-24,0.6
2015,male,25-29,0.7
2015,male,30-34,0.9
2015,male,35-39,1.2
2015,male,40-44,1.7
2015,male,45-49,2.4
2015,male,5-9,0.1
2015,male,50-54,3.5
2015,male,55-59,5.2
2015,male,60-64,7.8
2015,male,65-69,11.9
2015,male,70-74,19.6
2015,male,75-79,34.0
2015,male,80-84,62.7
2015,male,85-89,116.4
2015,male,90-94,197.9
2015,male,95-99,308.9
2016,female,0-4,0.7
2016,female,10-14,0.1
2016,female,100+,512.9
2016,female,15-19,0.2
2016,female,20-24,0.2
2016,female,25-29,0.3
2016,female,30-34,0.4
2016,female,35-39,0.6
2016,female,40-44,1.0
2016,female,45-49,1.4
2016,female,5-9,0.1
2016,female,50-54,2.1
2016,female,55-59,3.0
2016,female,60-64,4.4
2016,female,65-69,7.0
2016,female,70-74,11.8
2016,female,75-79,21.5
2016,female,80-84,42.2
2016,female,85-89,83.6
2016,female,90-94,160.5
2016,female,95-99,268.4
2016,male,0-4,0.8
2016,male,10-14,0.1
2016,male,100+,525.8
2016,male,15-19,0.4
2016,male,20-24,0.6
2016,male,25-29,0.7
2016,male,30-34,0.8
2016,male,35-39,1.1
2016,male,40-44,1.6
2016,male,45-49,2.2
2016,male,5-9,0.1
2016,male,50-54,3.4
2016,male,55-59,5.1
2016,male,60-64,7.6
2016,male,65-69,11.5
2016,male,70-74,19.3
2016,male,75-79,33.3
2016,male,80-84,61.8
2016,male,85-89,113.3
2016,male,90-94,192.2
2016,male,95-99,290.2
2017,female,0-4,0.7
2017,female,10-14,0.1
2017,female,100+,528.7
2017,female,15-19,0.2
2017,female,20-24,0.2
2017,female,25-29,0.3
2017,female,30-34,0.4
2017,female,35-39,0.6
2017,female,40-44,0.9
2017,female,45-49,1.3
2017,female,5-9,0.1
2017,female,50-54,2.1
2017,female,55-59,2.9
2017,female,60-64,4.4
2017,female,65-69,7.0
2017,female,70-74,11.8
2017,female,75-79,21.4
2017,female,80-84,41.3
2017,female,85-89,83.8
2017,female,90-94,159.8
2017,female,95-99,269.1
2017,male,0-4,0.8
2017,male,10-14,0.1
2017,male,100+,451.4
2017,male,15-19,0.4
2017,male,20-24,0.6
2017,male,25-29,0.7
2017,male,30-34,0.8
2017,male,35-39,1.1
2017,male,40-44,1.6
2017,male,45-49,2.3
2017,male,5-9,0.1
2017,male,50-54,3.2
2017,male,55-59,4.9
2017,male,60-64,7.4
2017,male,65-69,11.5
2017,male,70-74,18.7
2017,male,75-79,32.5
2017,male,80-84,58.8
2017,male,85-89,111.4
2017,male,90-94,194.9
2017,male,95-99,292.8
2018,female,0-4,0.6
2018,female,10-14,0.1
2018,female,100+,444.9
2018,female,15-19,0.2
2018,female,20-24,0.2
2018,female,25-29,0.2
2018,female,30-34,0.3
2018,female,35-39,0.6
2018,female,40-44,0.9
2018,female,45-49,1.3
2018,female,5-9,0.1
2018,female,50-54,2.0
2018,female,55-59,3.0
2018,female,60-64,4.5
2018,female,65-69,6.7
2018,female,70-74,11.2
2018,female,75-79,20.6
2018,female,80-84,38.9
2018,female,85-89,78.9
2018,female,90-94,152.7
2018,female,95-99,253.7
2018,male,0-4,0.8
2018,male,10-14,0.1
2018,male,100+,383.1
2018,male,15-19,0.4
2018,male,20-24,0.6
2018,male,25-29,0.6
2018,male,30-34,0.8
2018,male,35-39,1.1
2018,male,40-44,1.4
2018,male,45-49,2.1
2018,male,5-9,0.1
2018,male,50-54,3.2
2018,male,55-59,4.9
2018,male,60-64,7.5
2018,male,65-69,11.2
2018,male,70-74,18.1
2018,male,75-79,30.8
2018,male,80-84,56.5
2018,male,85-89,106.7
2018,male,90-94,185.8
2018,male,95-99,278.4
2019,female,0-4,0.7
2019,female,10-14,0.1
2019,female,100+,454.6
2019,female,15-19,0.2
2019,female,20-24,0.3
2019,female,25-29,0.3
2019,female,30-34,0.4
2019,female,35-39,0.6
2019,female,40-44,0.9
2019,female,45-49,1.4
2019,female,5-9,0.1
2019,female,50-54,2.0
2019,female,55-59,3.0
2019,female,60-64,4.6
2019,female,65-69,6.9
2019,female,70-74,11.7
2019,female,75-79,20.9
2019,female,80-84,40.0
2019,female,85-89,81.6
2019,female,90-94,158.9
2019,female,95-99,272.2
2019,male,0-4,0.9
2019,male,10-14,0.1
2019,male,100+,361.5
2019,male,15-19,0.4
2019,male,20-24,0.7
2019,male,25-29,0.7
2019,male,30-34,0.9
2019,male,35-39,1.1
2019,male,40-44,1.7
2019,male,45-49,2.5
2019,male,5-9,0.1
2019,male,50-54,3.4
2019,male,55-59,5.1
2019,male,60-64,8.0
2019,male,65-69,11.7
2019,male,70-74,18.2
2019,male,75-79,31.5
2019,male,80-84,57.7
2019,male,85-89,108.6
2019,male,90-94,193.9
2019,male,95-99,308.2
2020,female,0-4,0.7
2020,female,10-14,0.1
2020,female,100+,412.5
2020,female,15-19,0.2
2020,female,20-24,0.2
2020,female,25-29,0.3
2020,female,30-34,0.4
2020,female,35-39,0.6
2020,female,40-44,0.8
2020,female,45-49,1.3
2020,female,5-9,0.0
2020,female,50-54,1.9
2020,female,55-59,2.8
2020,female,60-64,4.3
2020,female,65-69,6.3
2020,female,70-74,10.7
2020,female,75-79,19.1
2020,female,80-84,37.4
2020,female,85-89,74.8
2020,female,90-94,145.2
2020,female,95-99,250.9
2020,male,0-4,0.8
2020,male,10-14,0.1
2020,male,100+,378.7
2020,male,15-19,0.4
2020,male,20-24,0.6
2020,male,25-29,0.7
2020,male,30-34,0.8
2020,male,35-39,1.0
2020,male,40-44,1.5
2020,male,45-49,2.2
2020,male,5-9,0.1
2020,male,50-54,3.2
2020,male,55-59,4.8
2020,male,60-64,7.2
2020,male,65-69,10.7
2020,male,70-74,17.4
2020,male,75-79,29.5
2020,male,80-84,52.9
2020,male,85-89,99.7
2020,male,90-94,178.1
2020,male,95-99,284.8
2021,female,0-4,0.7
2021,female,10-14,0.1
2021,female,100+,440.7
2021,female,15-19,0.2
2021,female,20-24,0.3
2021,female,25-29,0.3
2021,female,30-34,0.3
2021,female,35-39,0.6
2021,female,40-44,0.8
2021,female,45-49,1.3
2021,female,5-9,0.1
2021,female,50-54,1.9
2021,female,55-59,3.0
2021,female,60-64,4.3
2021,female,65-69,6.7
2021,female,70-74,11.1
2021,female,75-79,19.6
2021,female,80-84,38.9
2021,female,85-89,77.2
2021,female,90-94,152.2
2021,female,95-99,271.2
2021,male,0-4,0.8
2021,male,10-14,0.1
2021,male,100+,475.5
2021,male,15-19,0.4
2021,male,20-24,0.6
2021,male,25-29,0.7
2021,male,30-34,0.8
2021,male,35-39,1.0
2021,male,40-44,1.4
2021,male,45-49,2.1
2021,male,5-9,0.1
2021,male,50-54,3.3
2021,male,55-59,4.9
2021,male,60-64,7.1
2021,male,65-69,11.0
2021,male,70-74,17.6
2021,male,75-79,29.7
2021,male,80-84,55.2
2021,male,85-89,102.6
2021,male,90-94,187.4
2021,male,95-99,294.2
2022,female,0-4,0.7
2022,female,10-14,0.1
2022,female,100+,467.1
2022,female,15-19,0.2
2022,female,20-24,0.3
2022,female,25-29,0.3
2022,female,30-34,0.4
2022,female,35-39,0.6
2022,female,40-44,0.9
2022,female,45-49,1.4
2022,female,5-9,0.1
2022,female,50-54,2.1
2022,female,55-59,3.1
2022,female,60-64,4.5
2022,female,65-69,7.1
2022,female,70-74,11.6
2022,female,75-79,21.0
2022,female,80-84,41.3
2022,female,85-89,85.3
2022,female,90-94,169.5
2022,female,95-99,293.7
2022,male,0-4,0.8
2022,male,10-14,0.1
2022,male,100+,489.3
2022,male,15-19,0.4
2022,male,20-24,0.6
2022,male,25-29,0.7
2022,male,30-34,0.9
2022,male,35-39,1.1
2022,male,40-44,1.5
2022,male,45-49,2.3
2022,male,5-9,0.1
2022,male,50-54,3.4
2022,male,55-59,5.1
2022,male,60-64,7.9
2022,male,65-69,11.9
2022,male,70-74,18.9
2022,male,75-79,32.4
2022,male,80-84,59.7
2022,male,85-89,112.2
2022,male,90-94,207.1
2022,male,95-99,313.8
2023,female,0-4,0.6
2023,female,10-14,0.1
2023,female,100+,431.2
2023,female,15-19,0.2
2023,female,20-24,0.2
2023,female,25-29,0.3
2023,female,30-34,0.4
2023,female,35-39,0.5
2023,female,40-44,0.9
2023,female,45-49,1.3
2023,female,5-9,0.1
2023,female,50-54,2.0
2023,female,55-59,2.9
2023,female,60-64,4.4
2023,female,65-69,6.8
2023,female,70-74,10.9
2023,female,75-79,19.8
2023,female,80-84,39.8
2023,female,85-89,78.0
2023,female,90-94,157.5
2023,female,95-99,272.8
2023,male,0-4,0.8
2023,male,10-14,0.1
2023,male,100+,398.1
2023,male,15-19,0.4
2023,male,20-24,0.5
2023,male,25-29,0.6
2023,male,30-34,0.7
2023,male,35-39,1.0
2023,male,40-44,1.5
2023,male,45-49,2.2
2023,male,5-9,0.1
2023,male,50-54,3.3
2023,male,55-59,4.9
2023,male,60-64,7.3
2023,male,65-69,11.6
2023,male,70-74,17.9
2023,male,75-79,30.0
2023,male,80-84,56.2
2023,male,85-89,104.1
2023,male,90-94,190.0
2023,male,95-99,297.8
2024,female,0-4,0.7
2024,female,10-14,0.1
2024,female,100+,452.6
2024,female,15-19,0.2
2024,female,20-24,0.3
2024,female,25-29,0.3
2024,female,30-34,0.4
2024,female,35-39,0.5
2024,female,40-44,0.8
2024,female,45-49,1.2
2024,female,5-9,0.1
2024,female,50-54,2.0
2024,female,55-59,2.9
2024,female,60-64,4.4
2024,female,65-69,6.8
2024,female,70-74,10.8
2024,female,75-79,19.6
2024,female,80-84,38.2
2024,female,85-89,78.0
2024,female,90-94,155.8
2024,female,95-99,276.3
2024,male,0-4,0.8
2024,male,10-14,0.1
2024,male,100+,401.3
2024,male,15-19,0.3
2024,male,20-24,0.5
2024,male,25-29,0.7
2024,male,30-34,0.8
2024,male,35-39,1.0
2024,male,40-44,1.5
2024,male,45-49,2.2
2024,male,5-9,0.1
2024,male,50-54,3.2
2024,male,55-59,5.0
2024,male,60-64,7.5
2024,male,65-69,11.2
2024,male,70-74,18.1
2024,male,75-79,29.2
2024,male,80-84,54.4
2024,male,85-89,102.8
2024,male,90-94,189.2
2024,male,95-99,294.3
