tick,sex,area,age_months,count
0,male,0,0,58968
0,male,0,1,55620
0,male,0,2,55333
0,male,0,3,55232
0,male,0,4,55303
0,male,0,5,55346
0,male,0,6,55474
0,male,0,7,55449
0,male,0,8,55383
0,male,0,9,55267
0,male,0,10,55664
0,male,0,11,55290
0,male,0,12,55113
0,male,0,13,55150
0,male,0,14,54969
0,male,0,15,54798
0,male,0,16,54969
0,male,0,17,54863
0,male,0,18,874
0,male,1,0,59193
0,male,1,1,55378
0,male,1,2,55338
0,male,1,3,55315
0,male,1,4,55540
0,male,1,5,55603
0,male,1,6,55792
0,male,1,7,55470
0,male,1,8,55386
0,male,1,9,55179
0,male,1,10,55148
0,male,1,11,55461
0,male,1,12,55254
0,male,1,13,54718
0,male,1,14,54552
0,male,1,15,54777
0,male,1,16,54548
0,male,1,17,54771
0,male,1,18,942
0,male,2,0,58682
0,male,2,1,55418
0,male,2,2,54976
0,male,2,3,55285
0,male,2,4,55240
0,male,2,5,54939
0,male,2,6,55587
0,male,2,7,55311
0,male,2,8,55764
0,male,2,9,55215
0,male,2,10,55166
0,male,2,11,55329
0,male,2,12,54656
0,male,2,13,55203
0,male,2,14,54559
0,male,2,15,54811
0,male,2,16,54325
0,male,2,17,54798
0,male,2,18,949
0,male,3,0,58929
0,male,3,1,55398
0,male,3,2,55125
0,male,3,3,55582
0,male,3,4,55444
0,male,3,5,55331
0,male,3,6,55413
0,male,3,7,55498
0,male,3,8,55099
0,male,3,9,55648
0,male,3,10,55469
0,male,3,11,55248
0,male,3,12,55373
0,male,3,13,55067
0,male,3,14,54751
0,male,3,15,54649
0,male,3,16,54796
0,male,3,17,54893
0,male,3,18,952
0,female,0,0,58819
0,female,0,1,55417
0,female,0,2,54907
0,female,0,3,55406
0,female,0,4,55178
0,female,0,5,55327
0,female,0,6,55163
0,female,0,7,55426
0,female,0,8,55120
0,female,0,9,55539
0,female,0,10,55304
0,female,0,11,55024
0,female,0,12,54538
0,female,0,13,54832
0,female,0,14,54979
0,female,0,15,54521
0,female,0,16,54655
0,female,0,17,54609
0,female,0,18,913
0,female,1,0,58895
0,female,1,1,55188
0,female,1,2,55436
0,female,1,3,55367
0,female,1,4,54813
0,female,1,5,55337
0,female,1,6,55334
0,female,1,7,55124
0,female,1,8,55132
0,female,1,9,55342
0,female,1,10,55224
0,female,1,11,55704
0,female,1,12,55088
0,female,1,13,55405
0,female,1,14,54983
0,female,1,15,54866
0,female,1,16,54926
0,female,1,17,54806
0,female,1,18,884
0,female,2,0,59773
0,female,2,1,55272
0,female,2,2,55016
0,female,2,3,55322
0,female,2,4,55505
0,female,2,5,55443
0,female,2,6,55408
0,female,2,7,55399
0,female,2,8,55286
0,female,2,9,55011
0,female,2,10,55264
0,female,2,11,55257
0,female,2,12,55199
0,female,2,13,54589
0,female,2,14,55375
0,female,2,15,55241
0,female,2,16,54892
0,female,2,17,54730
0,female,2,18,901
0,female,3,0,59058
0,female,3,1,55455
0,female,3,2,55694
0,female,3,3,55157
0,female,3,4,55404
0,female,3,5,55201
0,female,3,6,55476
0,female,3,7,55426
0,female,3,8,55298
0,female,3,9,55572
0,female,3,10,55351
0,female,3,11,55454
0,female,3,12,55119
0,female,3,13,54982
0,female,3,14,54683
0,female,3,15,54401
0,female,3,16,55072
0,female,3,17,55297
0,female,3,18,884
1,male,0,0,62420
1,male,0,1,55365
1,male,0,2,55010
1,male,0,3,55022
1,male,0,4,55061
1,male,0,5,55080
1,male,0,6,55170
1,male,0,7,55194
1,male,0,8,55126
1,male,0,9,54927
1,male,0,10,55372
1,male,0,11,55102
1,male,0,12,54787
1,male,0,13,54557
1,male,0,14,54401
1,male,0,15,54144
1,male,0,16,54234
1,male,0,17,54140
1,male,0,18,1792
1,male,1,0,62687
1,male,1,1,55143
1,male,1,2,55035
1,male,1,3,55155
1,male,1,4,55289
1,male,1,5,55270
1,male,1,6,55481
1,male,1,7,55227
1,male,1,8,55100
1,male,1,9,54896
1,male,1,10,54920
1,male,1,11,55208
1,male,1,12,54954
1,male,1,13,54226
1,male,1,14,53867
1,male,1,15,54188
1,male,1,16,53834
1,male,1,17,54071
1,male,1,18,1832
1,male,2,0,62192
1,male,2,1,55186
1,male,2,2,54687
1,male,2,3,55077
1,male,2,4,54950
1,male,2,5,54815
1,male,2,6,55286
1,male,2,7,55079
1,male,2,8,55466
1,male,2,9,54908
1,male,2,10,54895
1,male,2,11,55014
1,male,2,12,54484
1,male,2,13,54692
1,male,2,14,53904
1,male,2,15,54202
1,male,2,16,53614
1,male,2,17,54076
1,male,2,18,1821
1,male,3,0,62389
1,male,3,1,55095
1,male,3,2,54867
1,male,3,3,55382
1,male,3,4,55178
1,male,3,5,55040
1,male,3,6,55191
1,male,3,7,55168
1,male,3,8,54858
1,male,3,9,55404
1,male,3,10,55144
1,male,3,11,54973
1,male,3,12,55102
1,male,3,13,54533
1,male,3,14,54072
1,male,3,15,54042
1,male,3,16,54101
1,male,3,17,54159
1,male,3,18,1841
1,female,0,0,62246
1,female,0,1,55256
1,female,0,2,54620
1,female,0,3,55176
1,female,0,4,54942
1,female,0,5,54993
1,female,0,6,54896
1,female,0,7,55182
1,female,0,8,54916
1,female,0,9,55174
1,female,0,10,55052
1,female,0,11,54828
1,female,0,12,54307
1,female,0,13,54341
1,female,0,14,54222
1,female,0,15,53931
1,female,0,16,53992
1,female,0,17,53931
1,female,0,18,1758
1,female,1,0,62451
1,female,1,1,54929
1,female,1,2,55137
1,female,1,3,55245
1,female,1,4,54552
1,female,1,5,55088
1,female,1,6,54973
1,female,1,7,54922
1,female,1,8,54812
1,female,1,9,55043
1,female,1,10,54937
1,female,1,11,55448
1,female,1,12,54899
1,female,1,13,54877
1,female,1,14,54384
1,female,1,15,54227
1,female,1,16,54173
1,female,1,17,54156
1,female,1,18,1733
1,female,2,0,63374
1,female,2,1,55047
1,female,2,2,54821
1,female,2,3,55047
1,female,2,4,55208
1,female,2,5,55174
1,female,2,6,55146
1,female,2,7,55158
1,female,2,8,54998
1,female,2,9,54671
1,female,2,10,55028
1,female,2,11,54975
1,female,2,12,54946
1,female,2,13,54072
1,female,2,14,54701
1,female,2,15,54558
1,female,2,16,54266
1,female,2,17,54010
1,female,2,18,1799
1,female,3,0,62667
1,female,3,1,55158
1,female,3,2,55387
1,female,3,3,54962
1,female,3,4,55134
1,female,3,5,55023
1,female,3,6,55126
1,female,3,7,55246
1,female,3,8,54914
1,female,3,9,55305
1,female,3,10,55127
1,female,3,11,55207
1,female,3,12,54880
1,female,3,13,54462
1,female,3,14,54032
1,female,3,15,53735
1,female,3,16,54405
1,female,3,17,54516
1,female,3,18,1773
2,male,0,0,65935
2,male,0,1,55127
2,male,0,2,54756
2,male,0,3,54852
2,male,0,4,54781
2,male,0,5,54778
2,male,0,6,54881
2,male,0,7,54991
2,male,0,8,54805
2,male,0,9,54685
2,male,0,10,55139
2,male,0,11,54799
2,male,0,12,54591
2,male,0,13,53976
2,male,0,14,53758
2,male,0,15,53503
2,male,0,16,53454
2,male,0,17,53440
2,male,0,18,2687
2,male,1,0,66228
2,male,1,1,54918
2,male,1,2,54781
2,male,1,3,54971
2,male,1,4,55050
2,male,1,5,55040
2,male,1,6,55140
2,male,1,7,54949
2,male,1,8,54824
2,male,1,9,54575
2,male,1,10,54692
2,male,1,11,54935
2,male,1,12,54737
2,male,1,13,53610
2,male,1,14,53209
2,male,1,15,53631
2,male,1,16,53101
2,male,1,17,53382
2,male,1,18,2695
2,male,2,0,65758
2,male,2,1,54949
2,male,2,2,54358
2,male,2,3,54930
2,male,2,4,54622
2,male,2,5,54661
2,male,2,6,54977
2,male,2,7,54806
2,male,2,8,55232
2,male,2,9,54653
2,male,2,10,54651
2,male,2,11,54675
2,male,2,12,54224
2,male,2,13,54165
2,male,2,14,53295
2,male,2,15,53537
2,male,2,16,52975
2,male,2,17,53417
2,male,2,18,2671
2,male,3,0,65908
2,male,3,1,54828
2,male,3,2,54571
2,male,3,3,55174
2,male,3,4,54945
2,male,3,5,54829
2,male,3,6,54874
2,male,3,7,54895
2,male,3,8,54592
2,male,3,9,55115
2,male,3,10,54834
2,male,3,11,54746
2,male,3,12,54856
2,male,3,13,54013
2,male,3,14,53384
2,male,3,15,53366
2,male,3,16,53455
2,male,3,17,53396
2,male,3,18,2740
2,female,0,0,65930
2,female,0,1,54953
2,female,0,2,54413
2,female,0,3,54966
2,female,0,4,54710
2,female,0,5,54703
2,female,0,6,54703
2,female,0,7,54794
2,female,0,8,54701
2,female,0,9,54854
2,female,0,10,54813
2,female,0,11,54620
2,female,0,12,54020
2,female,0,13,53877
2,female,0,14,53423
2,female,0,15,53413
2,female,0,16,53278
2,female,0,17,53243
2,female,0,18,2594
2,female,1,0,66131
2,female,1,1,54718
2,female,1,2,54838
2,female,1,3,54981
2,female,1,4,54343
2,female,1,5,54790
2,female,1,6,54735
2,female,1,7,54631
2,female,1,8,54541
2,female,1,9,54717
2,female,1,10,54747
2,female,1,11,55228
2,female,1,12,54620
2,female,1,13,54393
2,female,1,14,53696
2,female,1,15,53573
2,female,1,16,53472
2,female,1,17,53389
2,female,1,18,2673
2,female,2,0,67098
2,female,2,1,54723
2,female,2,2,54554
2,female,2,3,54872
2,female,2,4,54851
2,female,2,5,54888
2,female,2,6,54899
2,female,2,7,54855
2,female,2,8,54723
2,female,2,9,54460
2,female,2,10,54736
2,female,2,11,54662
2,female,2,12,54723
2,female,2,13,53575
2,female,2,14,53971
2,female,2,15,53884
2,female,2,16,53566
2,female,2,17,53383
2,female,2,18,2602
2,female,3,0,66133
2,female,3,1,54904
2,female,3,2,55010
2,female,3,3,54848
2,female,3,4,54840
2,female,3,5,54740
2,female,3,6,54830
2,female,3,7,54957
2,female,3,8,54697
2,female,3,9,55016
2,female,3,10,54889
2,female,3,11,54949
2,female,3,12,54698
2,female,3,13,53910
2,female,3,14,53457
2,female,3,15,52959
2,female,3,16,53800
2,female,3,17,53760
2,female,3,18,2675
3,male,0,0,69571
3,male,0,1,54844
3,male,0,2,54472
3,male,0,3,54689
3,male,0,4,54446
3,male,0,5,54481
3,male,0,6,54579
3,male,0,7,54724
3,male,0,8,54562
3,male,0,9,54395
3,male,0,10,54903
3,male,0,11,54532
3,male,0,12,54349
3,male,0,13,53457
3,male,0,14,53037
3,male,0,15,52865
3,male,0,16,52735
3,male,0,17,52778
3,male,0,18,3536
3,male,1,0,69977
3,male,1,1,54604
3,male,1,2,54504
3,male,1,3,54805
3,male,1,4,54759
3,male,1,5,54792
3,male,1,6,54859
3,male,1,7,54664
3,male,1,8,54579
3,male,1,9,54323
3,male,1,10,54423
3,male,1,11,54637
3,male,1,12,54487
3,male,1,13,53157
3,male,1,14,52520
3,male,1,15,52979
3,male,1,16,52476
3,male,1,17,52643
3,male,1,18,3549
3,male,2,0,69467
3,male,2,1,54649
3,male,2,2,54118
3,male,2,3,54666
3,male,2,4,54381
3,male,2,5,54392
3,male,2,6,54748
3,male,2,7,54551
3,male,2,8,54976
3,male,2,9,54329
3,male,2,10,54412
3,male,2,11,54441
3,male,2,12,53969
3,male,2,13,53590
3,male,2,14,52687
3,male,2,15,52875
3,male,2,16,52282
3,male,2,17,52794
3,male,2,18,3486
3,male,3,0,69554
3,male,3,1,54548
3,male,3,2,54293
3,male,3,3,55015
3,male,3,4,54675
3,male,3,5,54565
3,male,3,6,54576
3,male,3,7,54614
3,male,3,8,54384
3,male,3,9,54880
3,male,3,10,54560
3,male,3,11,54492
3,male,3,12,54599
3,male,3,13,53567
3,male,3,14,52722
3,male,3,15,52672
3,male,3,16,52690
3,male,3,17,52679
3,male,3,18,3650
3,female,0,0,69573
3,female,0,1,54673
3,female,0,2,54202
3,female,0,3,54722
3,female,0,4,54469
3,female,0,5,54434
3,female,0,6,54382
3,female,0,7,54605
3,female,0,8,54399
3,female,0,9,54561
3,female,0,10,54543
3,female,0,11,54366
3,female,0,12,53754
3,female,0,13,53401
3,female,0,14,52733
3,female,0,15,52774
3,female,0,16,52658
3,female,0,17,52504
3,female,0,18,3432
3,female,1,0,69855
3,female,1,1,54464
3,female,1,2,54595
3,female,1,3,54696
3,female,1,4,54183
3,female,1,5,54403
3,female,1,6,54444
3,female,1,7,54291
3,female,1,8,54259
3,female,1,9,54425
3,female,1,10,54525
3,female,1,11,54919
3,female,1,12,54319
3,female,1,13,53885
3,female,1,14,53008
3,female,1,15,52899
3,female,1,16,52788
3,female,1,17,52680
3,female,1,18,3537
3,female,2,0,70570
3,female,2,1,54540
3,female,2,2,54298
3,female,2,3,54594
3,female,2,4,54592
3,female,2,5,54643
3,female,2,6,54539
3,female,2,7,54554
3,female,2,8,54507
3,female,2,9,54228
3,female,2,10,54415
3,female,2,11,54389
3,female,2,12,54452
3,female,2,13,53060
3,female,2,14,53293
3,female,2,15,53264
3,female,2,16,52867
3,female,2,17,52684
3,female,2,18,3450
3,female,3,0,69741
3,female,3,1,54624
3,female,3,2,54836
3,female,3,3,54631
3,female,3,4,54562
3,female,3,5,54500
3,female,3,6,54595
3,female,3,7,54704
3,female,3,8,54436
3,female,3,9,54659
3,female,3,10,54644
3,female,3,11,54658
3,female,3,12,54404
3,female,3,13,53352
3,female,3,14,52823
3,female,3,15,52281
3,female,3,16,53095
3,female,3,17,53122
3,female,3,18,3513
4,male,0,0,73451
4,male,0,1,54595
4,male,0,2,54242
4,male,0,3,54442
4,male,0,4,54190
4,male,0,5,54186
4,male,0,6,54327
4,male,0,7,54565
4,male,0,8,54265
4,male,0,9,54127
4,male,0,10,54612
4,male,0,11,54237
4,male,0,12,54058
4,male,0,13,52980
4,male,0,14,52350
4,male,0,15,52299
4,male,0,16,52077
4,male,0,17,52073
4,male,0,18,4304
4,male,1,0,73712
4,male,1,1,54292
4,male,1,2,54247
4,male,1,3,54529
4,male,1,4,54507
4,male,1,5,54513
4,male,1,6,54600
4,male,1,7,54349
4,male,1,8,54207
4,male,1,9,54175
4,male,1,10,54108
4,male,1,11,54317
4,male,1,12,54132
4,male,1,13,52713
4,male,1,14,51819
4,male,1,15,52336
4,male,1,16,51842
4,male,1,17,51967
4,male,1,18,4327
4,male,2,0,73328
4,male,2,1,54283
4,male,2,2,53870
4,male,2,3,54410
4,male,2,4,54212
4,male,2,5,54093
4,male,2,6,54476
4,male,2,7,54243
4,male,2,8,54668
4,male,2,9,54072
4,male,2,10,54157
4,male,2,11,54219
4,male,2,12,53675
4,male,2,13,53068
4,male,2,14,51999
4,male,2,15,52176
4,male,2,16,51569
4,male,2,17,52085
4,male,2,18,4304
4,male,3,0,73570
4,male,3,1,54262
4,male,3,2,54034
4,male,3,3,54777
4,male,3,4,54475
4,male,3,5,54237
4,male,3,6,54303
4,male,3,7,54284
4,male,3,8,54130
4,male,3,9,54599
4,male,3,10,54322
4,male,3,11,54254
4,male,3,12,54308
4,male,3,13,53074
4,male,3,14,52123
4,male,3,15,52003
4,male,3,16,52070
4,male,3,17,51997
4,male,3,18,4435
4,female,0,0,73541
4,female,0,1,54369
4,female,0,2,53915
4,female,0,3,54496
4,female,0,4,54264
4,female,0,5,54151
4,female,0,6,54115
4,female,0,7,54315
4,female,0,8,54096
4,female,0,9,54299
4,female,0,10,54301
4,female,0,11,54076
4,female,0,12,53495
4,female,0,13,52899
4,female,0,14,52141
4,female,0,15,52100
4,female,0,16,51961
4,female,0,17,51853
4,female,0,18,4238
4,female,1,0,73581
4,female,1,1,54221
4,female,1,2,54347
4,female,1,3,54443
4,female,1,4,53852
4,female,1,5,54161
4,female,1,6,54211
4,female,1,7,54046
4,female,1,8,53917
4,female,1,9,54220
4,female,1,10,54257
4,female,1,11,54659
4,female,1,12,54019
4,female,1,13,53314
4,female,1,14,52340
4,female,1,15,52256
4,female,1,16,52105
4,female,1,17,52036
4,female,1,18,4365
4,female,2,0,74378
4,female,2,1,54282
4,female,2,2,54030
4,female,2,3,54379
4,female,2,4,54353
4,female,2,5,54347
4,female,2,6,54320
4,female,2,7,54143
4,female,2,8,54275
4,female,2,9,53955
4,female,2,10,54184
4,female,2,11,54064
4,female,2,12,54210
4,female,2,13,52508
4,female,2,14,52701
4,female,2,15,52571
4,female,2,16,52166
4,female,2,17,52014
4,female,2,18,4238
4,female,3,0,73586
4,female,3,1,54332
4,female,3,2,54616
4,female,3,3,54375
4,female,3,4,54319
4,female,3,5,54278
4,female,3,6,54329
4,female,3,7,54441
4,female,3,8,54160
4,female,3,9,54321
4,female,3,10,54410
4,female,3,11,54379
4,female,3,12,54208
4,female,3,13,52805
4,female,3,14,52256
4,female,3,15,51602
4,female,3,16,52399
4,female,3,17,52385
4,female,3,18,4360
5,male,0,0,77279
5,male,0,1,54340
5,male,0,2,53984
5,male,0,3,54267
5,male,0,4,53858
5,male,0,5,53896
5,male,0,6,53978
5,male,0,7,54255
5,male,0,8,54105
5,male,0,9,53819
5,male,0,10,54255
5,male,0,11,53947
5,male,0,12,53842
5,male,0,13,52489
5,male,0,14,51666
5,male,0,15,51736
5,male,0,16,51439
5,male,0,17,51354
5,male,0,18,5094
5,male,1,0,77552
5,male,1,1,54059
5,male,1,2,53999
5,male,1,3,54247
5,male,1,4,54251
5,male,1,5,54265
5,male,1,6,54305
5,male,1,7,54039
5,male,1,8,53945
5,male,1,9,53943
5,male,1,10,53818
5,male,1,11,54039
5,male,1,12,53934
5,male,1,13,52103
5,male,1,14,51297
5,male,1,15,51649
5,male,1,16,51265
5,male,1,17,51283
5,male,1,18,5102
5,male,2,0,77230
5,male,2,1,54053
5,male,2,2,53586
5,male,2,3,54232
5,male,2,4,53910
5,male,2,5,53888
5,male,2,6,54135
5,male,2,7,53969
5,male,2,8,54369
5,male,2,9,53817
5,male,2,10,53856
5,male,2,11,53966
5,male,2,12,53387
5,male,2,13,52472
5,male,2,14,51443
5,male,2,15,51512
5,male,2,16,50863
5,male,2,17,51494
5,male,2,18,5087
5,male,3,0,77574
5,male,3,1,54011
5,male,3,2,53695
5,male,3,3,54606
5,male,3,4,54184
5,male,3,5,54015
5,male,3,6,54025
5,male,3,7,54027
5,male,3,8,53885
5,male,3,9,54252
5,male,3,10,54083
5,male,3,11,53995
5,male,3,12,53970
5,male,3,13,52551
5,male,3,14,51497
5,male,3,15,51356
5,male,3,16,51390
5,male,3,17,51408
5,male,3,18,5199
5,female,0,0,77568
5,female,0,1,54099
5,female,0,2,53644
5,female,0,3,54312
5,female,0,4,54037
5,female,0,5,53735
5,female,0,6,53976
5,female,0,7,54040
5,female,0,8,53822
5,female,0,9,54019
5,female,0,10,53951
5,female,0,11,53875
5,female,0,12,53225
5,female,0,13,52362
5,female,0,14,51499
5,female,0,15,51515
5,female,0,16,51257
5,female,0,17,51253
5,female,0,18,5009
5,female,1,0,77497
5,female,1,1,54005
5,female,1,2,54129
5,female,1,3,54167
5,female,1,4,53536
5,female,1,5,53991
5,female,1,6,53905
5,female,1,7,53774
5,female,1,8,53687
5,female,1,9,54008
5,female,1,10,53980
5,female,1,11,54395
5,female,1,12,53656
5,female,1,13,52915
5,female,1,14,51666
5,female,1,15,51503
5,female,1,16,51472
5,female,1,17,51384
5,female,1,18,5163
5,female,2,0,78304
5,female,2,1,54043
5,female,2,2,53697
5,female,2,3,54168
5,female,2,4,54107
5,female,2,5,54044
5,female,2,6,54045
5,female,2,7,53919
5,female,2,8,54048
5,female,2,9,53650
5,female,2,10,53969
5,female,2,11,53744
5,female,2,12,53886
5,female,2,13,52031
5,female,2,14,52103
5,female,2,15,51961
5,female,2,16,51490
5,female,2,17,51287
5,female,2,18,5057
5,female,3,0,77529
5,female,3,1,54077
5,female,3,2,54332
5,female,3,3,54208
5,female,3,4,54038
5,female,3,5,53985
5,female,3,6,54008
5,female,3,7,54232
5,female,3,8,53912
5,female,3,9,53986
5,female,3,10,54157
5,female,3,11,54163
5,female,3,12,53888
5,female,3,13,52323
5,female,3,14,51579
5,female,3,15,50977
5,female,3,16,51741
5,female,3,17,51749
5,female,3,18,5137
6,male,0,0,81311
6,male,0,1,54072
6,male,0,2,53766
6,male,0,3,54086
6,male,0,4,53522
6,male,0,5,53688
6,male,0,6,53701
6,male,0,7,53981
6,male,0,8,53873
6,male,0,9,53567
6,male,0,10,53956
6,male,0,11,53663
6,male,0,12,53598
6,male,0,13,52008
6,male,0,14,50994
6,male,0,15,51156
6,male,0,16,50780
6,male,0,17,50645
6,male,0,18,5859
6,male,1,0,81592
6,male,1,1,53776
6,male,1,2,53788
6,male,1,3,54060
6,male,1,4,53994
6,male,1,5,53802
6,male,1,6,54111
6,male,1,7,53805
6,male,1,8,53627
6,male,1,9,53703
6,male,1,10,53511
6,male,1,11,53850
6,male,1,12,53567
6,male,1,13,51688
6,male,1,14,50683
6,male,1,15,50989
6,male,1,16,50620
6,male,1,17,50586
6,male,1,18,5891
6,male,2,0,81074
6,male,2,1,53821
6,male,2,2,53338
6,male,2,3,53984
6,male,2,4,53689
6,male,2,5,53589
6,male,2,6,53855
6,male,2,7,53704
6,male,2,8,54037
6,male,2,9,53553
6,male,2,10,53571
6,male,2,11,53696
6,male,2,12,53146
6,male,2,13,52003
6,male,2,14,50823
6,male,2,15,50884
6,male,2,16,50194
6,male,2,17,50769
6,male,2,18,5904
6,male,3,0,81539
6,male,3,1,53705
6,male,3,2,53365
6,male,3,3,54470
6,male,3,4,53898
6,male,3,5,53765
6,male,3,6,53731
6,male,3,7,53738
6,male,3,8,53614
6,male,3,9,53895
6,male,3,10,53866
6,male,3,11,53696
6,male,3,12,53697
6,male,3,13,52054
6,male,3,14,50895
6,male,3,15,50792
6,male,3,16,50691
6,male,3,17,50729
6,male,3,18,5986
6,female,0,0,81533
6,female,0,1,53803
6,female,0,2,53405
6,female,0,3,54034
6,female,0,4,53838
6,female,0,5,53478
6,female,0,6,53673
6,female,0,7,53782
6,female,0,8,53472
6,female,0,9,53804
6,female,0,10,53658
6,female,0,11,53645
6,female,0,12,52957
6,female,0,13,51838
6,female,0,14,50899
6,female,0,15,50940
6,female,0,16,50582
6,female,0,17,50606
6,female,0,18,5764
6,female,1,0,81470
6,female,1,1,53821
6,female,1,2,53842
6,female,1,3,53978
6,female,1,4,53320
6,female,1,5,53650
6,female,1,6,53642
6,female,1,7,53448
6,female,1,8,53396
6,female,1,9,53794
6,female,1,10,53628
6,female,1,11,54111
6,female,1,12,53311
6,female,1,13,52442
6,female,1,14,51107
6,female,1,15,50909
6,female,1,16,50706
6,female,1,17,50704
6,female,1,18,6002
6,female,2,0,82248
6,female,2,1,53823
6,female,2,2,53451
6,female,2,3,53942
6,female,2,4,53804
6,female,2,5,53721
6,female,2,6,53802
6,female,2,7,53618
6,female,2,8,53786
6,female,2,9,53393
6,female,2,10,53676
6,female,2,11,53414
6,female,2,12,53694
6,female,2,13,51508
6,female,2,14,51439
6,female,2,15,51401
6,female,2,16,50786
6,female,2,17,50586
6,female,2,18,5863
6,female,3,0,81493
6,female,3,1,53841
6,female,3,2,53995
6,female,3,3,54027
6,female,3,4,53723
6,female,3,5,53745
6,female,3,6,53755
6,female,3,7,54016
6,female,3,8,53608
6,female,3,9,53655
6,female,3,10,53939
6,female,3,11,53861
6,female,3,12,53628
6,female,3,13,51824
6,female,3,14,50918
6,female,3,15,50389
6,female,3,16,51106
6,female,3,17,51107
6,female,3,18,5925
7,male,0,0,85287
7,male,0,1,53798
7,male,0,2,53555
7,male,0,3,53920
7,male,0,4,53206
7,male,0,5,53397
7,male,0,6,53435
7,male,0,7,53679
7,male,0,8,53656
7,male,0,9,53281
7,male,0,10,53601
7,male,0,11,53460
7,male,0,12,53331
7,male,0,13,51470
7,male,0,14,50400
7,male,0,15,50516
7,male,0,16,50144
7,male,0,17,50004
7,male,0,18,6603
7,male,1,0,85640
7,male,1,1,53498
7,male,1,2,53619
7,male,1,3,53859
7,male,1,4,53744
7,male,1,5,53460
7,male,1,6,53934
7,male,1,7,53558
7,male,1,8,53426
7,male,1,9,53417
7,male,1,10,53236
7,male,1,11,53521
7,male,1,12,53345
7,male,1,13,51158
7,male,1,14,50145
7,male,1,15,50296
7,male,1,16,50025
7,male,1,17,49951
7,male,1,18,6683
7,male,2,0,85167
7,male,2,1,53509
7,male,2,2,53110
7,male,2,3,53774
7,male,2,4,53306
7,male,2,5,53326
7,male,2,6,53515
7,male,2,7,53442
7,male,2,8,53757
7,male,2,9,53330
7,male,2,10,53336
7,male,2,11,53414
7,male,2,12,52804
7,male,2,13,51537
7,male,2,14,50300
7,male,2,15,50165
7,male,2,16,49636
7,male,2,17,50032
7,male,2,18,6651
7,male,3,0,85497
7,male,3,1,53470
7,male,3,2,53150
7,male,3,3,54230
7,male,3,4,53590
7,male,3,5,53595
7,male,3,6,53486
7,male,3,7,53439
7,male,3,8,53294
7,male,3,9,53561
7,male,3,10,53624
7,male,3,11,53453
7,male,3,12,53355
7,male,3,13,51673
7,male,3,14,50271
7,male,3,15,50166
7,male,3,16,50016
7,male,3,17,50086
7,male,3,18,6736
7,female,0,0,85674
7,female,0,1,53533
7,female,0,2,53125
7,female,0,3,53819
7,female,0,4,53631
7,female,0,5,53153
7,female,0,6,53453
7,female,0,7,53424
7,female,0,8,53212
7,female,0,9,53564
7,female,0,10,53383
7,female,0,11,53344
7,female,0,12,52664
7,female,0,13,51310
7,female,0,14,50304
7,female,0,15,50330
7,female,0,16,50001
7,female,0,17,49921
7,female,0,18,6513
7,female,1,0,85528
7,female,1,1,53598
7,female,1,2,53542
7,female,1,3,53741
7,female,1,4,53063
7,female,1,5,53351
7,female,1,6,53345
7,female,1,7,53242
7,female,1,8,53101
7,female,1,9,53447
7,female,1,10,53354
7,female,1,11,53902
7,female,1,12,53095
7,female,1,13,51813
7,female,1,14,50520
7,female,1,15,50323
7,female,1,16,50031
7,female,1,17,50134
7,female,1,18,6731
7,female,2,0,86350
7,female,2,1,53557
7,female,2,2,53257
7,female,2,3,53675
7,female,2,4,53576
7,female,2,5,53454
7,female,2,6,53536
7,female,2,7,53414
7,female,2,8,53453
7,female,2,9,53126
7,female,2,10,53391
7,female,2,11,53133
7,female,2,12,53485
7,female,2,13,50958
7,female,2,14,50870
7,female,2,15,50720
7,female,2,16,50191
7,female,2,17,49955
7,female,2,18,6589
7,female,3,0,85458
7,female,3,1,53607
7,female,3,2,53743
7,female,3,3,53802
7,female,3,4,53354
7,female,3,5,53497
7,female,3,6,53442
7,female,3,7,53708
7,female,3,8,53389
7,female,3,9,53360
7,female,3,10,53611
7,female,3,11,53501
7,female,3,12,53396
7,female,3,13,51340
7,female,3,14,50323
7,female,3,15,49815
7,female,3,16,50452
7,female,3,17,50425
7,female,3,18,6694
8,male,0,0,89484
8,male,0,1,53585
8,male,0,2,53246
8,male,0,3,53684
8,male,0,4,52946
8,male,0,5,53180
8,male,0,6,53152
8,male,0,7,53416
8,male,0,8,53414
8,male,0,9,53035
8,male,0,10,53285
8,male,0,11,53249
8,male,0,12,53025
8,male,0,13,50963
8,male,0,14,49780
8,male,0,15,49927
8,male,0,16,49556
8,male,0,17,49441
8,male,0,18,7299
8,male,1,0,89808
8,male,1,1,53227
8,male,1,2,53334
8,male,1,3,53642
8,male,1,4,53506
8,male,1,5,53134
8,male,1,6,53567
8,male,1,7,53382
8,male,1,8,53146
8,male,1,9,53076
8,male,1,10,53006
8,male,1,11,53262
8,male,1,12,53012
8,male,1,13,50722
8,male,1,14,49407
8,male,1,15,49702
8,male,1,16,49320
8,male,1,17,49378
8,male,1,18,7375
8,male,2,0,89291
8,male,2,1,53288
8,male,2,2,52851
8,male,2,3,53601
8,male,2,4,52963
8,male,2,5,53052
8,male,2,6,53248
8,male,2,7,53178
8,male,2,8,53449
8,male,2,9,53077
8,male,2,10,52985
8,male,2,11,53081
8,male,2,12,52616
8,male,2,13,51096
8,male,2,14,49666
8,male,2,15,49497
8,male,2,16,48967
8,male,2,17,49473
8,male,2,18,7340
8,male,3,0,89657
8,male,3,1,53275
8,male,3,2,52811
8,male,3,3,53996
8,male,3,4,53324
8,male,3,5,53286
8,male,3,6,53276
8,male,3,7,53201
8,male,3,8,52928
8,male,3,9,53299
8,male,3,10,53267
8,male,3,11,53127
8,male,3,12,53047
8,male,3,13,51274
8,male,3,14,49727
8,male,3,15,49549
8,male,3,16,49404
8,male,3,17,49471
8,male,3,18,7464
8,female,0,0,89817
8,female,0,1,53221
8,female,0,2,52897
8,female,0,3,53607
8,female,0,4,53386
8,female,0,5,52867
8,female,0,6,53128
8,female,0,7,53213
8,female,0,8,52966
8,female,0,9,53261
8,female,0,10,53083
8,female,0,11,53043
8,female,0,12,52474
8,female,0,13,50838
8,female,0,14,49758
8,female,0,15,49659
8,female,0,16,49415
8,female,0,17,49314
8,female,0,18,7223
8,female,1,0,89826
8,female,1,1,53363
8,female,1,2,53253
8,female,1,3,53520
8,female,1,4,52876
8,female,1,5,53000
8,female,1,6,53094
8,female,1,7,52945
8,female,1,8,52908
8,female,1,9,53108
8,female,1,10,53122
8,female,1,11,53589
8,female,1,12,52822
8,female,1,13,51323
8,female,1,14,49911
8,female,1,15,49723
8,female,1,16,49373
8,female,1,17,49526
8,female,1,18,7485
8,female,2,0,90435
8,female,2,1,53303
8,female,2,2,53033
8,female,2,3,53417
8,female,2,4,53323
8,female,2,5,53196
8,female,2,6,53198
8,female,2,7,53196
8,female,2,8,53174
8,female,2,9,52816
8,female,2,10,53126
8,female,2,11,52820
8,female,2,12,53199
8,female,2,13,50556
8,female,2,14,50200
8,female,2,15,50091
8,female,2,16,49574
8,female,2,17,49377
8,female,2,18,7271
8,female,3,0,89575
8,female,3,1,53352
8,female,3,2,53520
8,female,3,3,53524
8,female,3,4,53112
8,female,3,5,53226
8,female,3,6,53219
8,female,3,7,53409
8,female,3,8,53102
8,female,3,9,53024
8,female,3,10,53350
8,female,3,11,53254
8,female,3,12,53103
8,female,3,13,50914
8,female,3,14,49698
8,female,3,15,49164
8,female,3,16,49770
8,female,3,17,49746
8,female,3,18,7448
9,male,0,0,93583
9,male,0,1,53369
9,male,0,2,52948
9,male,0,3,53499
9,male,0,4,52711
9,male,0,5,52732
9,male,0,6,52963
9,male,0,7,53110
9,male,0,8,53155
9,male,0,9,52848
9,male,0,10,53000
9,male,0,11,53006
9,male,0,12,52760
9,male,0,13,50478
9,male,0,14,49210
9,male,0,15,49265
9,male,0,16,49010
9,male,0,17,48721
9,male,0,18,8026
9,male,1,0,93977
9,male,1,1,52916
9,male,1,2,53102
9,male,1,3,53400
9,male,1,4,53211
9,male,1,5,52888
9,male,1,6,53348
9,male,1,7,53064
9,male,1,8,52811
9,male,1,9,52818
9,male,1,10,52764
9,male,1,11,52994
9,male,1,12,52721
9,male,1,13,50224
9,male,1,14,48889
9,male,1,15,49057
9,male,1,16,48755
9,male,1,17,48667
9,male,1,18,8114
9,male,2,0,93534
9,male,2,1,53110
9,male,2,2,52536
9,male,2,3,53305
9,male,2,4,52773
9,male,2,5,52845
9,male,2,6,52952
9,male,2,7,52884
9,male,2,8,53119
9,male,2,9,52822
9,male,2,10,52704
9,male,2,11,52825
9,male,2,12,52368
9,male,2,13,50728
9,male,2,14,49029
9,male,2,15,48939
9,male,2,16,48298
9,male,2,17,48863
9,male,2,18,8031
9,male,3,0,93815
9,male,3,1,52978
9,male,3,2,52542
9,male,3,3,53823
9,male,3,4,53078
9,male,3,5,52977
9,male,3,6,53027
9,male,3,7,52943
9,male,3,8,52789
9,male,3,9,52885
9,male,3,10,53106
9,male,3,11,52930
9,male,3,12,52660
9,male,3,13,50808
9,male,3,14,49208
9,male,3,15,48998
9,male,3,16,48779
9,male,3,17,48816
9,male,3,18,8156
9,female,0,0,94056
9,female,0,1,52960
9,female,0,2,52631
9,female,0,3,53369
9,female,0,4,53193
9,female,0,5,52563
9,female,0,6,52897
9,female,0,7,52961
9,female,0,8,52678
9,female,0,9,53017
9,female,0,10,52809
9,female,0,11,52785
9,female,0,12,52255
9,female,0,13,50311
9,female,0,14,49189
9,female,0,15,49102
9,female,0,16,48660
9,female,0,17,48756
9,female,0,18,7947
9,female,1,0,94057
9,female,1,1,53150
9,female,1,2,52956
9,female,1,3,53315
9,female,1,4,52605
9,female,1,5,52725
9,female,1,6,52811
9,female,1,7,52676
9,female,1,8,52694
9,female,1,9,52863
9,female,1,10,52862
9,female,1,11,53401
9,female,1,12,52478
9,female,1,13,50846
9,female,1,14,49315
9,female,1,15,49124
9,female,1,16,48714
9,female,1,17,48855
9,female,1,18,8259
9,female,2,0,94631
9,female,2,1,53040
9,female,2,2,52780
9,female,2,3,53147
9,female,2,4,53116
9,female,2,5,52903
9,female,2,6,52864
9,female,2,7,52973
9,female,2,8,52830
9,female,2,9,52593
9,female,2,10,52857
9,female,2,11,52527
9,female,2,12,52890
9,female,2,13,49969
9,female,2,14,49706
9,female,2,15,49487
9,female,2,16,48881
9,female,2,17,48803
9,female,2,18,7993
9,female,3,0,93839
9,female,3,1,53076
9,female,3,2,53266
9,female,3,3,53254
9,female,3,4,52882
9,female,3,5,52973
9,female,3,6,52923
9,female,3,7,53158
9,female,3,8,52846
9,female,3,9,52803
9,female,3,10,53037
9,female,3,11,52976
9,female,3,12,52842
9,female,3,13,50500
9,female,3,14,49108
9,female,3,15,48554
9,female,3,16,49090
9,female,3,17,49002
9,female,3,18,8233
10,male,0,0,97761
10,male,0,1,53150
10,male,0,2,52675
10,male,0,3,53332
10,male,0,4,52499
10,male,0,5,52419
10,male,0,6,52676
10,male,0,7,52847
10,male,0,8,52833
10,male,0,9,52598
10,male,0,10,52692
10,male,0,11,52763
10,male,0,12,52412
10,male,0,13,50048
10,male,0,14,48570
10,male,0,15,48627
10,male,0,16,48299
10,male,0,17,48218
10,male,0,18,8730
10,male,1,0,98158
10,male,1,1,52640
10,male,1,2,52817
10,male,1,3,53170
10,male,1,4,52933
10,male,1,5,52582
10,male,1,6,53075
10,male,1,7,52771
10,male,1,8,52632
10,male,1,9,52520
10,male,1,10,52520
10,male,1,11,52742
10,male,1,12,52440
10,male,1,13,49747
10,male,1,14,48328
10,male,1,15,48462
10,male,1,16,48152
10,male,1,17,48098
10,male,1,18,8807
10,male,2,0,97802
10,male,2,1,52831
10,male,2,2,52314
10,male,2,3,53109
10,male,2,4,52554
10,male,2,5,52537
10,male,2,6,52601
10,male,2,7,52666
10,male,2,8,52829
10,male,2,9,52519
10,male,2,10,52425
10,male,2,11,52494
10,male,2,12,52109
10,male,2,13,50270
10,male,2,14,48426
10,male,2,15,48395
10,male,2,16,47727
10,male,2,17,48240
10,male,2,18,8742
10,male,3,0,98125
10,male,3,1,52728
10,male,3,2,52179
10,male,3,3,53647
10,male,3,4,52830
10,male,3,5,52752
10,male,3,6,52820
10,male,3,7,52684
10,male,3,8,52460
10,male,3,9,52574
10,male,3,10,52860
10,male,3,11,52644
10,male,3,12,52376
10,male,3,13,50381
10,male,3,14,48626
10,male,3,15,48480
10,male,3,16,48169
10,male,3,17,48182
10,male,3,18,8854
10,female,0,0,98299
10,female,0,1,52692
10,female,0,2,52404
10,female,0,3,53141
10,female,0,4,53003
10,female,0,5,52301
10,female,0,6,52645
10,female,0,7,52643
10,female,0,8,52413
10,female,0,9,52684
10,female,0,10,52636
10,female,0,11,52498
10,female,0,12,52005
10,female,0,13,49809
10,female,0,14,48651
10,female,0,15,48444
10,female,0,16,48078
10,female,0,17,48124
10,female,0,18,8654
10,female,1,0,98292
10,female,1,1,52942
10,female,1,2,52653
10,female,1,3,53120
10,female,1,4,52351
10,female,1,5,52476
10,female,1,6,52574
10,female,1,7,52297
10,female,1,8,52517
10,female,1,9,52583
10,female,1,10,52532
10,female,1,11,53216
10,female,1,12,52146
10,female,1,13,50400
10,female,1,14,48692
10,female,1,15,48605
10,female,1,16,48073
10,female,1,17,48224
10,female,1,18,8923
10,female,2,0,99037
10,female,2,1,52812
10,female,2,2,52525
10,female,2,3,52983
10,female,2,4,52902
10,female,2,5,52519
10,female,2,6,52646
10,female,2,7,52694
10,female,2,8,52476
10,female,2,9,52370
10,female,2,10,52574
10,female,2,11,52288
10,female,2,12,52632
10,female,2,13,49487
10,female,2,14,49107
10,female,2,15,48902
10,female,2,16,48257
10,female,2,17,48182
10,female,2,18,8668
10,female,3,0,98260
10,female,3,1,52805
10,female,3,2,52910
10,female,3,3,53072
10,female,3,4,52642
10,female,3,5,52588
10,female,3,6,52713
10,female,3,7,52883
10,female,3,8,52507
10,female,3,9,52571
10,female,3,10,52670
10,female,3,11,52759
10,female,3,12,52681
10,female,3,13,49954
10,female,3,14,48594
10,female,3,15,47966
10,female,3,16,48395
10,female,3,17,48345
10,female,3,18,8939
11,male,0,0,102116
11,male,0,1,52828
11,male,0,2,52485
11,male,0,3,53087
11,male,0,4,52325
11,male,0,5,52127
11,male,0,6,52383
11,male,0,7,52550
11,male,0,8,52608
11,male,0,9,52315
11,male,0,10,52446
11,male,0,11,52492
11,male,0,12,52080
11,male,0,13,49595
11,male,0,14,47953
11,male,0,15,48034
11,male,0,16,47734
11,male,0,17,47533
11,male,0,18,9437
11,male,1,0,102545
11,male,1,1,52412
11,male,1,2,52587
11,male,1,3,52929
11,male,1,4,52588
11,male,1,5,52248
11,male,1,6,52846
11,male,1,7,52452
11,male,1,8,52383
11,male,1,9,52189
11,male,1,10,52290
11,male,1,11,52376
11,male,1,12,52271
11,male,1,13,49224
11,male,1,14,47836
11,male,1,15,47816
11,male,1,16,47517
11,male,1,17,47516
11,male,1,18,9508
11,male,2,0,102257
11,male,2,1,52532
11,male,2,2,52137
11,male,2,3,52913
11,male,2,4,52290
11,male,2,5,52329
11,male,2,6,52314
11,male,2,7,52333
11,male,2,8,52543
11,male,2,9,52277
11,male,2,10,52216
11,male,2,11,52204
11,male,2,12,51804
11,male,2,13,49768
11,male,2,14,47885
11,male,2,15,47823
11,male,2,16,47130
11,male,2,17,47585
11,male,2,18,9422
11,male,3,0,102490
11,male,3,1,52495
11,male,3,2,51932
11,male,3,3,53418
11,male,3,4,52603
11,male,3,5,52465
11,male,3,6,52504
11,male,3,7,52447
11,male,3,8,52192
11,male,3,9,52355
11,male,3,10,52560
11,male,3,11,52364
11,male,3,12,52118
11,male,3,13,49918
11,male,3,14,48103
11,male,3,15,47945
11,male,3,16,47515
11,male,3,17,47537
11,male,3,18,9546
11,female,0,0,102562
11,female,0,1,52422
11,female,0,2,52252
11,female,0,3,52797
11,female,0,4,52777
11,female,0,5,51949
11,female,0,6,52478
11,female,0,7,52321
11,female,0,8,52189
11,female,0,9,52385
11,female,0,10,52295
11,female,0,11,52237
11,female,0,12,51799
11,female,0,13,49339
11,female,0,14,48148
11,female,0,15,47891
11,female,0,16,47442
11,female,0,17,47557
11,female,0,18,9308
11,female,1,0,102765
11,female,1,1,52738
11,female,1,2,52337
11,female,1,3,52898
11,female,1,4,52108
11,female,1,5,52138
11,female,1,6,52289
11,female,1,7,52010
11,female,1,8,52309
11,female,1,9,52264
11,female,1,10,52264
11,female,1,11,52894
11,female,1,12,51909
11,female,1,13,49945
11,female,1,14,48050
11,female,1,15,48010
11,female,1,16,47448
11,female,1,17,47579
11,female,1,18,9573
11,female,2,0,103409
11,female,2,1,52621
11,female,2,2,52267
11,female,2,3,52787
11,female,2,4,52623
11,female,2,5,52210
11,female,2,6,52413
11,female,2,7,52401
11,female,2,8,52232
11,female,2,9,52028
11,female,2,10,52329
11,female,2,11,51994
11,female,2,12,52363
11,female,2,13,48967
11,female,2,14,48475
11,female,2,15,48274
11,female,2,16,47652
11,female,2,17,47563
11,female,2,18,9342
11,female,3,0,102594
11,female,3,1,52535
11,female,3,2,52632
11,female,3,3,52880
11,female,3,4,52442
11,female,3,5,52309
11,female,3,6,52398
11,female,3,7,52646
11,female,3,8,52190
11,female,3,9,52315
11,female,3,10,52381
11,female,3,11,52484
11,female,3,12,52392
11,female,3,13,49478
11,female,3,14,48037
11,female,3,15,47373
11,female,3,16,47845
11,female,3,17,47633
11,female,3,18,9628
12,male,0,0,106437
12,male,0,1,52594
12,male,0,2,52235
12,male,0,3,52898
12,male,0,4,51991
12,male,0,5,51921
12,male,0,6,52080
12,male,0,7,52258
12,male,0,8,52335
12,male,0,9,52026
12,male,0,10,52143
12,male,0,11,52190
12,male,0,12,51769
12,male,0,13,49168
12,male,0,14,47401
12,male,0,15,47412
12,male,0,16,47150
12,male,0,17,46892
12,male,0,18,10073
12,male,1,0,107088
12,male,1,1,52215
12,male,1,2,52341
12,male,1,3,52734
12,male,1,4,52247
12,male,1,5,52022
12,male,1,6,52563
12,male,1,7,52222
12,male,1,8,52100
12,male,1,9,51979
12,male,1,10,51957
12,male,1,11,52139
12,male,1,12,52091
12,male,1,13,48660
12,male,1,14,47309
12,male,1,15,47147
12,male,1,16,46939
12,male,1,17,46960
12,male,1,18,10125
12,male,2,0,106654
12,male,2,1,52308
12,male,2,2,51842
12,male,2,3,52785
12,male,2,4,52031
12,male,2,5,51977
12,male,2,6,52114
12,male,2,7,52087
12,male,2,8,52239
12,male,2,9,52105
12,male,2,10,51931
12,male,2,11,51824
12,male,2,12,51618
12,male,2,13,49357
12,male,2,14,47226
12,male,2,15,47261
12,male,2,16,46545
12,male,2,17,46956
12,male,2,18,10081
12,male,3,0,106816
12,male,3,1,52276
12,male,3,2,51682
12,male,3,3,53115
12,male,3,4,52371
12,male,3,5,52207
12,male,3,6,52139
12,male,3,7,52242
12,male,3,8,51915
12,male,3,9,52051
12,male,3,10,52263
12,male,3,11,52086
12,male,3,12,51848
12,male,3,13,49495
12,male,3,14,47534
12,male,3,15,47363
12,male,3,16,46966
12,male,3,17,46861
12,male,3,18,10235
12,female,0,0,106953
12,female,0,1,52180
12,female,0,2,52001
12,female,0,3,52513
12,female,0,4,52487
12,female,0,5,51688
12,female,0,6,52266
12,female,0,7,52018
12,female,0,8,51954
12,female,0,9,52050
12,female,0,10,52081
12,female,0,11,51874
12,female,0,12,51533
12,female,0,13,48865
12,female,0,14,47627
12,female,0,15,47240
12,female,0,16,46801
12,female,0,17,46919
12,female,0,18,9998
12,female,1,0,107275
12,female,1,1,52415
12,female,1,2,52104
12,female,1,3,52685
12,female,1,4,51867
12,female,1,5,51880
12,female,1,6,52035
12,female,1,7,51634
12,female,1,8,52078
12,female,1,9,51931
12,female,1,10,51997
12,female,1,11,52609
12,female,1,12,51650
12,female,1,13,49441
12,female,1,14,47466
12,female,1,15,47440
12,female,1,16,46843
12,female,1,17,47009
12,female,1,18,10195
12,female,2,0,107862
12,female,2,1,52331
12,female,2,2,52051
12,female,2,3,52557
12,female,2,4,52251
12,female,2,5,51993
12,female,2,6,52093
12,female,2,7,52128
12,female,2,8,51948
12,female,2,9,51751
12,female,2,10,52106
12,female,2,11,51661
12,female,2,12,52152
12,female,2,13,48508
12,female,2,14,47898
12,female,2,15,47733
12,female,2,16,47058
12,female,2,17,46949
12,female,2,18,9987
12,female,3,0,107216
12,female,3,1,52230
12,female,3,2,52350
12,female,3,3,52727
12,female,3,4,52184
12,female,3,5,52018
12,female,3,6,52125
12,female,3,7,52358
12,female,3,8,51981
12,female,3,9,52004
12,female,3,10,52165
12,female,3,11,52195
12,female,3,12,52098
12,female,3,13,48977
12,female,3,14,47575
12,female,3,15,46779
12,female,3,16,47278
12,female,3,17,46964
12,female,3,18,10331
13,male,0,0,110719
13,male,0,1,52391
13,male,0,2,51996
13,male,0,3,52634
13,male,0,4,51700
13,male,0,5,51646
13,male,0,6,51761
13,male,0,7,51967
13,male,0,8,52093
13,male,0,9,51780
13,male,0,10,51844
13,male,0,11,51940
13,male,0,12,51395
13,male,0,13,48832
13,male,0,14,46821
13,male,0,15,46812
13,male,0,16,46479
13,male,0,17,46377
13,male,0,18,10664
13,male,1,0,111425
13,male,1,1,51948
13,male,1,2,52101
13,male,1,3,52567
13,male,1,4,51926
13,male,1,5,51738
13,male,1,6,52240
13,male,1,7,51953
13,male,1,8,51800
13,male,1,9,51712
13,male,1,10,51740
13,male,1,11,51809
13,male,1,12,51870
13,male,1,13,48224
13,male,1,14,46774
13,male,1,15,46572
13,male,1,16,46322
13,male,1,17,46340
13,male,1,18,10785
13,male,2,0,111146
13,male,2,1,52045
13,male,2,2,51608
13,male,2,3,52446
13,male,2,4,51821
13,male,2,5,51696
13,male,2,6,51822
13,male,2,7,51770
13,male,2,8,51924
13,male,2,9,51863
13,male,2,10,51721
13,male,2,11,51432
13,male,2,12,51389
13,male,2,13,48924
13,male,2,14,46657
13,male,2,15,46641
13,male,2,16,45880
13,male,2,17,46423
13,male,2,18,10676
13,male,3,0,111324
13,male,3,1,52010
13,male,3,2,51406
13,male,3,3,52844
13,male,3,4,52149
13,male,3,5,51975
13,male,3,6,51794
13,male,3,7,51998
13,male,3,8,51636
13,male,3,9,51754
13,male,3,10,52013
13,male,3,11,51755
13,male,3,12,51592
13,male,3,13,49015
13,male,3,14,47026
13,male,3,15,46808
13,male,3,16,46408
13,male,3,17,46219
13,male,3,18,10902
13,female,0,0,111320
13,female,0,1,51914
13,female,0,2,51792
13,female,0,3,52305
13,female,0,4,52199
13,female,0,5,51459
13,female,0,6,51989
13,female,0,7,51715
13,female,0,8,51751
13,female,0,9,51728
13,female,0,10,51781
13,female,0,11,51603
13,female,0,12,51172
13,female,0,13,48443
13,female,0,14,47010
13,female,0,15,46690
13,female,0,16,46147
13,female,0,17,46319
13,female,0,18,10642
13,female,1,0,111864
13,female,1,1,52100
13,female,1,2,51940
13,female,1,3,52423
13,female,1,4,51580
13,female,1,5,51661
13,female,1,6,51775
13,female,1,7,51308
13,female,1,8,51801
13,female,1,9,51564
13,female,1,10,51757
13,female,1,11,52309
13,female,1,12,51367
13,female,1,13,49008
13,female,1,14,46893
13,female,1,15,46835
13,female,1,16,46240
13,female,1,17,46364
13,female,1,18,10862
13,female,2,0,112272
13,female,2,1,52107
13,female,2,2,51730
13,female,2,3,52394
13,female,2,4,52007
13,female,2,5,51678
13,female,2,6,51870
13,female,2,7,51835
13,female,2,8,51669
13,female,2,9,51448
13,female,2,10,51868
13,female,2,11,51269
13,female,2,12,51966
13,female,2,13,48004
13,female,2,14,47239
13,female,2,15,47222
13,female,2,16,46451
13,female,2,17,46363
13,female,2,18,10675
13,female,3,0,111715
13,female,3,1,51954
13,female,3,2,52119
13,female,3,3,52516
13,female,3,4,51806
13,female,3,5,51785
13,female,3,6,51881
13,female,3,7,52055
13,female,3,8,51679
13,female,3,9,51674
13,female,3,10,51922
13,female,3,11,51873
13,female,3,12,51890
13,female,3,13,48436
13,female,3,14,47016
13,female,3,15,46205
13,female,3,16,46658
13,female,3,17,46340
13,female,3,18,11026
14,male,0,0,115310
14,male,0,1,52096
14,male,0,2,51769
14,male,0,3,52307
14,male,0,4,51449
14,male,0,5,51386
14,male,0,6,51585
14,male,0,7,51602
14,male,0,8,51805
14,male,0,9,51446
14,male,0,10,51541
14,male,0,11,51625
14,male,0,12,51177
14,male,0,13,48407
14,male,0,14,46277
14,male,0,15,46323
14,male,0,16,45823
14,male,0,17,45821
14,male,0,18,11281
14,male,1,0,115993
14,male,1,1,51702
14,male,1,2,51899
14,male,1,3,52310
14,male,1,4,51612
14,male,1,5,51460
14,male,1,6,51900
14,male,1,7,51796
14,male,1,8,51565
14,male,1,9,51429
14,male,1,10,51397
14,male,1,11,51563
14,male,1,12,51553
14,male,1,13,47835
14,male,1,14,46164
14,male,1,15,46095
14,male,1,16,45723
14,male,1,17,45698
14,male,1,18,11429
14,male,2,0,115596
14,male,2,1,51835
14,male,2,2,51283
14,male,2,3,52220
14,male,2,4,51540
14,male,2,5,51413
14,male,2,6,51539
14,male,2,7,51547
14,male,2,8,51576
14,male,2,9,51618
14,male,2,10,51418
14,male,2,11,51183
14,male,2,12,51131
14,male,2,13,48463
14,male,2,14,46032
14,male,2,15,46033
14,male,2,16,45356
14,male,2,17,45808
14,male,2,18,11277
14,male,3,0,115708
14,male,3,1,51808
14,male,3,2,51202
14,male,3,3,52582
14,male,3,4,51928
14,male,3,5,51642
14,male,3,6,51462
14,male,3,7,51712
14,male,3,8,51387
14,male,3,9,51452
14,male,3,10,51791
14,male,3,11,51421
14,male,3,12,51387
14,male,3,13,48494
14,male,3,14,46553
14,male,3,15,46143
14,male,3,16,45847
14,male,3,17,45625
14,male,3,18,11523
14,female,0,0,115857
14,female,0,1,51727
14,female,0,2,51572
14,female,0,3,52044
14,female,0,4,51891
14,female,0,5,51141
14,female,0,6,51762
14,female,0,7,51372
14,female,0,8,51511
14,female,0,9,51496
14,female,0,10,51500
14,female,0,11,51333
14,female,0,12,50957
14,female,0,13,48044
14,female,0,14,46372
14,female,0,15,46139
14,female,0,16,45545
14,female,0,17,45803
14,female,0,18,11204
14,female,1,0,116206
14,female,1,1,51824
14,female,1,2,51740
14,female,1,3,52121
14,female,1,4,51263
14,female,1,5,51441
14,female,1,6,51496
14,female,1,7,50963
14,female,1,8,51572
14,female,1,9,51291
14,female,1,10,51455
14,female,1,11,52051
14,female,1,12,51096
14,female,1,13,48519
14,female,1,14,46342
14,female,1,15,46275
14,female,1,16,45658
14,female,1,17,45782
14,female,1,18,11491
14,female,2,0,116640
14,female,2,1,51895
14,female,2,2,51496
14,female,2,3,52169
14,female,2,4,51801
14,female,2,5,51397
14,female,2,6,51649
14,female,2,7,51493
14,female,2,8,51432
14,female,2,9,51191
14,female,2,10,51640
14,female,2,11,50851
14,female,2,12,51710
14,female,2,13,47591
14,female,2,14,46629
14,female,2,15,46633
14,female,2,16,45837
14,female,2,17,45798
14,female,2,18,11279
14,female,3,0,116332
14,female,3,1,51677
14,female,3,2,51937
14,female,3,3,52289
14,female,3,4,51545
14,female,3,5,51544
14,female,3,6,51540
14,female,3,7,51780
14,female,3,8,51389
14,female,3,9,51449
14,female,3,10,51662
14,female,3,11,51543
14,female,3,12,51621
14,female,3,13,47930
14,female,3,14,46513
14,female,3,15,45645
14,female,3,16,46020
14,female,3,17,45706
14,female,3,18,11680
15,male,0,0,119866
15,male,0,1,51873
15,male,0,2,51494
15,male,0,3,52056
15,male,0,4,51252
15,male,0,5,51130
15,male,0,6,51269
15,male,0,7,51313
15,male,0,8,51465
15,male,0,9,51206
15,male,0,10,51309
15,male,0,11,51329
15,male,0,12,50937
15,male,0,13,47970
15,male,0,14,45758
15,male,0,15,45763
15,male,0,16,45233
15,male,0,17,45206
15,male,0,18,11923
15,male,1,0,120615
15,male,1,1,51414
15,male,1,2,51650
15,male,1,3,52059
15,male,1,4,51387
15,male,1,5,51177
15,male,1,6,51550
15,male,1,7,51542
15,male,1,8,51310
15,male,1,9,51136
15,male,1,10,51163
15,male,1,11,51344
15,male,1,12,51253
15,male,1,13,47351
15,male,1,14,45546
15,male,1,15,45527
15,male,1,16,45120
15,male,1,17,45076
15,male,1,18,12064
15,male,2,0,119998
15,male,2,1,51560
15,male,2,2,51017
15,male,2,3,51892
15,male,2,4,51324
15,male,2,5,51114
15,male,2,6,51295
15,male,2,7,51330
15,male,2,8,51241
15,male,2,9,51320
15,male,2,10,51134
15,male,2,11,50885
15,male,2,12,50932
15,male,2,13,48005
15,male,2,14,45483
15,male,2,15,45446
15,male,2,16,44809
15,male,2,17,45149
15,male,2,18,11844
15,male,3,0,120211
15,male,3,1,51600
15,male,3,2,50879
15,male,3,3,52295
15,male,3,4,51739
15,male,3,5,51399
15,male,3,6,51239
15,male,3,7,51348
15,male,3,8,51184
15,male,3,9,51139
15,male,3,10,51485
15,male,3,11,51207
15,male,3,12,51086
15,male,3,13,48065
15,male,3,14,46059
15,male,3,15,45600
15,male,3,16,45278
15,male,3,17,45026
15,male,3,18,12160
15,female,0,0,120346
15,female,0,1,51396
15,female,0,2,51350
15,female,0,3,51828
15,female,0,4,51635
15,female,0,5,50877
15,female,0,6,51472
15,female,0,7,50990
15,female,0,8,51264
15,female,0,9,51283
15,female,0,10,51192
15,female,0,11,51088
15,female,0,12,50654
15,female,0,13,47625
15,female,0,14,45807
15,female,0,15,45551
15,female,0,16,44977
15,female,0,17,45227
15,female,0,18,11783
15,female,1,0,120830
15,female,1,1,51604
15,female,1,2,51587
15,female,1,3,51823
15,female,1,4,51128
15,female,1,5,51089
15,female,1,6,51096
15,female,1,7,50705
15,female,1,8,51376
15,female,1,9,50968
15,female,1,10,51217
15,female,1,11,51661
15,female,1,12,50890
15,female,1,13,48088
15,female,1,14,45716
15,female,1,15,45749
15,female,1,16,45064
15,female,1,17,45181
15,female,1,18,12084
15,female,2,0,121349
15,female,2,1,51667
15,female,2,2,51289
15,female,2,3,51865
15,female,2,4,51556
15,female,2,5,51178
15,female,2,6,51361
15,female,2,7,51182
15,female,2,8,51117
15,female,2,9,51002
15,female,2,10,51401
15,female,2,11,50546
15,female,2,12,51323
15,female,2,13,47286
15,female,2,14,46001
15,female,2,15,46072
15,female,2,16,45247
15,female,2,17,45145
15,female,2,18,11902
15,female,3,0,120843
15,female,3,1,51384
15,female,3,2,51733
15,female,3,3,52077
15,female,3,4,51236
15,female,3,5,51284
15,female,3,6,51297
15,female,3,7,51475
15,female,3,8,51101
15,female,3,9,51210
15,female,3,10,51418
15,female,3,11,51283
15,female,3,12,51259
15,female,3,13,47433
15,female,3,14,45986
15,female,3,15,45087
15,female,3,16,45461
15,female,3,17,45142
15,female,3,18,12275
16,male,0,0,124517
16,male,0,1,51611
16,male,0,2,51229
16,male,0,3,51831
16,male,0,4,50997
16,male,0,5,50800
16,male,0,6,51023
16,male,0,7,51039
16,male,0,8,51253
16,male,0,9,50909
16,male,0,10,51047
16,male,0,11,51021
16,male,0,12,50677
16,male,0,13,47526
16,male,0,14,45185
16,male,0,15,45246
16,male,0,16,44614
16,male,0,17,44655
16,male,0,18,12528
16,male,1,0,125228
16,male,1,1,51155
16,male,1,2,51368
16,male,1,3,51894
16,male,1,4,51058
16,male,1,5,50946
16,male,1,6,51217
16,male,1,7,51265
16,male,1,8,51150
16,male,1,9,50768
16,male,1,10,50931
16,male,1,11,51044
16,male,1,12,51011
16,male,1,13,46913
16,male,1,14,45050
16,male,1,15,44855
16,male,1,16,44580
16,male,1,17,44444
16,male,1,18,12669
16,male,2,0,124630
16,male,2,1,51216
16,male,2,2,50838
16,male,2,3,51698
16,male,2,4,51055
16,male,2,5,50918
16,male,2,6,50938
16,male,2,7,51005
16,male,2,8,51022
16,male,2,9,50995
16,male,2,10,50880
16,male,2,11,50599
16,male,2,12,50712
16,male,2,13,47554
16,male,2,14,44969
16,male,2,15,44896
16,male,2,16,44257
16,male,2,17,44564
16,male,2,18,12428
16,male,3,0,124833
16,male,3,1,51356
16,male,3,2,50680
16,male,3,3,51945
16,male,3,4,51614
16,male,3,5,51148
16,male,3,6,50844
16,male,3,7,51089
16,male,3,8,50923
16,male,3,9,50863
16,male,3,10,51189
16,male,3,11,50927
16,male,3,12,50776
16,male,3,13,47657
16,male,3,14,45478
16,male,3,15,45095
16,male,3,16,44748
16,male,3,17,44413
16,male,3,18,12743
16,female,0,0,124830
16,female,0,1,51161
16,female,0,2,51158
16,female,0,3,51560
16,female,0,4,51431
16,female,0,5,50628
16,female,0,6,51162
16,female,0,7,50697
16,female,0,8,51001
16,female,0,9,51059
16,female,0,10,50880
16,female,0,11,50813
16,female,0,12,50409
16,female,0,13,47225
16,female,0,14,45290
16,female,0,15,44936
16,female,0,16,44367
16,female,0,17,44685
16,female,0,18,12356
16,female,1,0,125521
16,female,1,1,51350
16,female,1,2,51345
16,female,1,3,51624
16,female,1,4,50907
16,female,1,5,50716
16,female,1,6,50814
16,female,1,7,50483
16,female,1,8,51034
16,female,1,9,50713
16,female,1,10,50958
16,female,1,11,51322
16,female,1,12,50648
16,female,1,13,47694
16,female,1,14,45100
16,female,1,15,45237
16,female,1,16,44521
16,female,1,17,44598
16,female,1,18,12650
16,female,2,0,125783
16,female,2,1,51466
16,female,2,2,50999
16,female,2,3,51672
16,female,2,4,51318
16,female,2,5,50842
16,female,2,6,51081
16,female,2,7,50936
16,female,2,8,50880
16,female,2,9,50668
16,female,2,10,51148
16,female,2,11,50351
16,female,2,12,51043
16,female,2,13,46858
16,female,2,14,45467
16,female,2,15,45521
16,female,2,16,44670
16,female,2,17,44584
16,female,2,18,12491
16,female,3,0,125499
16,female,3,1,51214
16,female,3,2,51468
16,female,3,3,51837
16,female,3,4,50905
16,female,3,5,51087
16,female,3,6,51014
16,female,3,7,51161
16,female,3,8,50804
16,female,3,9,50992
16,female,3,10,51161
16,female,3,11,50998
16,female,3,12,50920
16,female,3,13,47049
16,female,3,14,45427
16,female,3,15,44627
16,female,3,16,44849
16,female,3,17,44568
16,female,3,18,12844
17,male,0,0,129167
17,male,0,1,51361
17,male,0,2,50958
17,male,0,3,51602
17,male,0,4,50869
17,male,0,5,50405
17,male,0,6,50781
17,male,0,7,50674
17,male,0,8,51004
17,male,0,9,50669
17,male,0,10,50771
17,male,0,11,50659
17,male,0,12,50469
17,male,0,13,47073
17,male,0,14,44663
17,male,0,15,44722
17,male,0,16,44054
17,male,0,17,43988
17,male,0,18,13150
17,male,1,0,129863
17,male,1,1,50851
17,male,1,2,51114
17,male,1,3,51687
17,male,1,4,50796
17,male,1,5,50731
17,male,1,6,50843
17,male,1,7,51028
17,male,1,8,50824
17,male,1,9,50505
17,male,1,10,50713
17,male,1,11,50671
17,male,1,12,50771
17,male,1,13,46524
17,male,1,14,44486
17,male,1,15,44245
17,male,1,16,44000
17,male,1,17,43930
17,male,1,18,13234
17,male,2,0,129518
17,male,2,1,50944
17,male,2,2,50558
17,male,2,3,51494
17,male,2,4,50815
17,male,2,5,50623
17,male,2,6,50649
17,male,2,7,50707
17,male,2,8,50776
17,male,2,9,50689
17,male,2,10,50600
17,male,2,11,50369
17,male,2,12,50383
17,male,2,13,47171
17,male,2,14,44380
17,male,2,15,44370
17,male,2,16,43698
17,male,2,17,44004
17,male,2,18,13053
17,male,3,0,129592
17,male,3,1,51059
17,male,3,2,50411
17,male,3,3,51699
17,male,3,4,51334
17,male,3,5,50909
17,male,3,6,50584
17,male,3,7,50785
17,male,3,8,50613
17,male,3,9,50613
17,male,3,10,50850
17,male,3,11,50690
17,male,3,12,50501
17,male,3,13,47175
17,male,3,14,45006
17,male,3,15,44529
17,male,3,16,44176
17,male,3,17,43898
17,male,3,18,13318
17,female,0,0,129433
17,female,0,1,50921
17,female,0,2,50940
17,female,0,3,51288
17,female,0,4,51167
17,female,0,5,50369
17,female,0,6,50883
17,female,0,7,50422
17,female,0,8,50725
17,female,0,9,50805
17,female,0,10,50621
17,female,0,11,50472
17,female,0,12,50181
17,female,0,13,46842
17,female,0,14,44727
17,female,0,15,44445
17,female,0,16,43730
17,female,0,17,44181
17,female,0,18,12900
17,female,1,0,130198
17,female,1,1,51062
17,female,1,2,51154
17,female,1,3,51287
17,female,1,4,50680
17,female,1,5,50480
17,female,1,6,50580
17,female,1,7,50213
17,female,1,8,50702
17,female,1,9,50418
17,female,1,10,50754
17,female,1,11,51050
17,female,1,12,50305
17,female,1,13,47272
17,female,1,14,44612
17,female,1,15,44639
17,female,1,16,43923
17,female,1,17,44000
17,female,1,18,13249
17,female,2,0,130406
17,female,2,1,51278
17,female,2,2,50718
17,female,2,3,51482
17,female,2,4,51061
17,female,2,5,50643
17,female,2,6,50769
17,female,2,7,50653
17,female,2,8,50549
17,female,2,9,50356
17,female,2,10,50842
17,female,2,11,50114
17,female,2,12,50739
17,female,2,13,46458
17,female,2,14,44956
17,female,2,15,44932
17,female,2,16,44152
17,female,2,17,44032
17,female,2,18,13023
17,female,3,0,130121
17,female,3,1,51014
17,female,3,2,51217
17,female,3,3,51606
17,female,3,4,50613
17,female,3,5,50815
17,female,3,6,50795
17,female,3,7,50833
17,female,3,8,50479
17,female,3,9,50663
17,female,3,10,50900
17,female,3,11,50736
17,female,3,12,50661
17,female,3,13,46693
17,female,3,14,44903
17,female,3,15,44100
17,female,3,16,44315
17,female,3,17,43984
17,female,3,18,13384
18,male,0,0,133790
18,male,0,1,51080
18,male,0,2,50705
18,male,0,3,51344
18,male,0,4,50610
18,male,0,5,50081
18,male,0,6,50462
18,male,0,7,50413
18,male,0,8,50701
18,male,0,9,50423
18,male,0,10,50454
18,male,0,11,50433
18,male,0,12,50222
18,male,0,13,46653
18,male,0,14,44194
18,male,0,15,44148
18,male,0,16,43557
18,male,0,17,43405
18,male,0,18,13720
18,male,1,0,134477
18,male,1,1,50613
18,male,1,2,50809
18,male,1,3,51492
18,male,1,4,50610
18,male,1,5,50435
18,male,1,6,50574
18,male,1,7,50729
18,male,1,8,50515
18,male,1,9,50253
18,male,1,10,50433
18,male,1,11,50366
18,male,1,12,50499
18,male,1,13,46131
18,male,1,14,43999
18,male,1,15,43643
18,male,1,16,43501
18,male,1,17,43342
18,male,1,18,13746
18,male,2,0,134283
18,male,2,1,50702
18,male,2,2,50321
18,male,2,3,51243
18,male,2,4,50589
18,male,2,5,50327
18,male,2,6,50253
18,male,2,7,50464
18,male,2,8,50458
18,male,2,9,50438
18,male,2,10,50364
18,male,2,11,50012
18,male,2,12,50179
18,male,2,13,46694
18,male,2,14,43868
18,male,2,15,43798
18,male,2,16,43195
18,male,2,17,43428
18,male,2,18,13620
18,male,3,0,134340
18,male,3,1,50813
18,male,3,2,50194
18,male,3,3,51376
18,male,3,4,51146
18,male,3,5,50654
18,male,3,6,50320
18,male,3,7,50504
18,male,3,8,50401
18,male,3,9,50307
18,male,3,10,50560
18,male,3,11,50534
18,male,3,12,50198
18,male,3,13,46712
18,male,3,14,44486
18,male,3,15,44037
18,male,3,16,43613
18,male,3,17,43402
18,male,3,18,13886
18,female,0,0,134065
18,female,0,1,50685
18,female,0,2,50693
18,female,0,3,51083
18,female,0,4,50902
18,female,0,5,50106
18,female,0,6,50571
18,female,0,7,50116
18,female,0,8,50418
18,female,0,9,50574
18,female,0,10,50384
18,female,0,11,50195
18,female,0,12,49808
18,female,0,13,46456
18,female,0,14,44282
18,female,0,15,43906
18,female,0,16,43223
18,female,0,17,43516
18,female,0,18,13491
18,female,1,0,134943
18,female,1,1,50827
18,female,1,2,50839
18,female,1,3,51073
18,female,1,4,50362
18,female,1,5,50248
18,female,1,6,50289
18,female,1,7,49830
18,female,1,8,50495
18,female,1,9,50135
18,female,1,10,50512
18,female,1,11,50823
18,female,1,12,50036
18,female,1,13,46816
18,female,1,14,44111
18,female,1,15,44146
18,female,1,16,43266
18,female,1,17,43491
18,female,1,18,13821
18,female,2,0,135158
18,female,2,1,50988
18,female,2,2,50486
18,female,2,3,51221
18,female,2,4,50879
18,female,2,5,50320
18,female,2,6,50443
18,female,2,7,50430
18,female,2,8,50309
18,female,2,9,50083
18,female,2,10,50481
18,female,2,11,49876
18,female,2,12,50440
18,female,2,13,46043
18,female,2,14,44352
18,female,2,15,44372
18,female,2,16,43646
18,female,2,17,43417
18,female,2,18,13634
18,female,3,0,134792
18,female,3,1,50779
18,female,3,2,50889
18,female,3,3,51326
18,female,3,4,50467
18,female,3,5,50523
18,female,3,6,50508
18,female,3,7,50560
18,female,3,8,50190
18,female,3,9,50415
18,female,3,10,50640
18,female,3,11,50394
18,female,3,12,50384
18,female,3,13,46316
18,female,3,14,44378
18,female,3,15,43592
18,female,3,16,43705
18,female,3,17,43403
18,female,3,18,13956
19,male,0,0,138467
19,male,0,1,50806
19,male,0,2,50564
19,male,0,3,51050
19,male,0,4,50356
19,male,0,5,49804
19,male,0,6,50120
19,male,0,7,50254
19,male,0,8,50406
19,male,0,9,50100
19,male,0,10,50218
19,male,0,11,50133
19,male,0,12,49903
19,male,0,13,46329
19,male,0,14,43634
19,male,0,15,43648
19,male,0,16,42954
19,male,0,17,42905
19,male,0,18,14251
19,male,1,0,139087
19,male,1,1,50394
19,male,1,2,50627
19,male,1,3,51218
19,male,1,4,50365
19,male,1,5,50141
19,male,1,6,50334
19,male,1,7,50418
19,male,1,8,50264
19,male,1,9,49955
19,male,1,10,50157
19,male,1,11,50066
19,male,1,12,50129
19,male,1,13,45765
19,male,1,14,43482
19,male,1,15,43192
19,male,1,16,42838
19,male,1,17,42807
19,male,1,18,14281
19,male,2,0,139092
19,male,2,1,50403
19,male,2,2,50096
19,male,2,3,50992
19,male,2,4,50351
19,male,2,5,50077
19,male,2,6,49947
19,male,2,7,50286
19,male,2,8,50061
19,male,2,9,50190
19,male,2,10,50064
19,male,2,11,49816
19,male,2,12,49914
19,male,2,13,46242
19,male,2,14,43358
19,male,2,15,43253
19,male,2,16,42568
19,male,2,17,42937
19,male,2,18,14119
19,male,3,0,139208
19,male,3,1,50591
19,male,3,2,49963
19,male,3,3,51088
19,male,3,4,50950
19,male,3,5,50340
19,male,3,6,50056
19,male,3,7,50225
19,male,3,8,50108
19,male,3,9,50083
19,male,3,10,50326
19,male,3,11,50227
19,male,3,12,49940
19,male,3,13,46330
19,male,3,14,44034
19,male,3,15,43429
19,male,3,16,43045
19,male,3,17,42901
19,male,3,18,14406
19,female,0,0,138679
19,female,0,1,50471
19,female,0,2,50494
19,female,0,3,50760
19,female,0,4,50659
19,female,0,5,49789
19,female,0,6,50284
19,female,0,7,49854
19,female,0,8,50112
19,female,0,9,50324
19,female,0,10,50109
19,female,0,11,49936
19,female,0,12,49556
19,female,0,13,46079
19,female,0,14,43795
19,female,0,15,43325
19,female,0,16,42685
19,female,0,17,42993
19,female,0,18,14049
19,female,1,0,139666
19,female,1,1,50617
19,female,1,2,50598
19,female,1,3,50738
19,female,1,4,50186
19,female,1,5,50001
19,female,1,6,49969
19,female,1,7,49580
19,female,1,8,50151
19,female,1,9,49951
19,female,1,10,50145
19,female,1,11,50573
19,female,1,12,49730
19,female,1,13,46406
19,female,1,14,43671
19,female,1,15,43528
19,female,1,16,42779
19,female,1,17,42900
19,female,1,18,14376
19,female,2,0,139833
19,female,2,1,50743
19,female,2,2,50188
19,female,2,3,51067
19,female,2,4,50682
19,female,2,5,49990
19,female,2,6,50224
19,female,2,7,50141
19,female,2,8,50009
19,female,2,9,49879
19,female,2,10,50121
19,female,2,11,49585
19,female,2,12,50251
19,female,2,13,45642
19,female,2,14,43784
19,female,2,15,43852
19,female,2,16,43105
19,female,2,17,42905
19,female,2,18,14115
19,female,3,0,139421
19,female,3,1,50567
19,female,3,2,50627
19,female,3,3,51089
19,female,3,4,50173
19,female,3,5,50288
19,female,3,6,50219
19,female,3,7,50324
19,female,3,8,49887
19,female,3,9,50214
19,female,3,10,50378
19,female,3,11,50041
19,female,3,12,50168
19,female,3,13,45888
19,female,3,14,43877
19,female,3,15,43085
19,female,3,16,43188
19,female,3,17,42920
19,female,3,18,14441
20,male,0,0,143277
20,male,0,1,50554
20,male,0,2,50302
20,male,0,3,50767
20,male,0,4,50140
20,male,0,5,49497
20,male,0,6,49873
20,male,0,7,49992
20,male,0,8,50115
20,male,0,9,49869
20,male,0,10,49907
20,male,0,11,49917
20,male,0,12,49566
20,male,0,13,45899
20,male,0,14,43100
20,male,0,15,43205
20,male,0,16,42453
20,male,0,17,42275
20,male,0,18,14783
20,male,1,0,143774
20,male,1,1,50055
20,male,1,2,50455
20,male,1,3,50927
20,male,1,4,50172
20,male,1,5,49799
20,male,1,6,50053
20,male,1,7,50089
20,male,1,8,49968
20,male,1,9,49764
20,male,1,10,49793
20,male,1,11,49876
20,male,1,12,49793
20,male,1,13,45368
20,male,1,14,43015
20,male,1,15,42627
20,male,1,16,42362
20,male,1,17,42147
20,male,1,18,14804
20,male,2,0,143737
20,male,2,1,50196
20,male,2,2,49796
20,male,2,3,50792
20,male,2,4,50077
20,male,2,5,49774
20,male,2,6,49656
20,male,2,7,50094
20,male,2,8,49791
20,male,2,9,49891
20,male,2,10,49743
20,male,2,11,49575
20,male,2,12,49574
20,male,2,13,45864
20,male,2,14,42920
20,male,2,15,42689
20,male,2,16,42014
20,male,2,17,42354
20,male,2,18,14662
20,male,3,0,143921
20,male,3,1,50347
20,male,3,2,49685
20,male,3,3,50863
20,male,3,4,50688
20,male,3,5,50068
20,male,3,6,49800
20,male,3,7,49919
20,male,3,8,49819
20,male,3,9,49816
20,male,3,10,50050
20,male,3,11,49973
20,male,3,12,49634
20,male,3,13,45938
20,male,3,14,43517
20,male,3,15,42908
20,male,3,16,42422
20,male,3,17,42359
20,male,3,18,14896
20,female,0,0,143373
20,female,0,1,50188
20,female,0,2,50254
20,female,0,3,50520
20,female,0,4,50333
20,female,0,5,49591
20,female,0,6,49992
20,female,0,7,49580
20,female,0,8,49821
20,female,0,9,50063
20,female,0,10,49798
20,female,0,11,49714
20,female,0,12,49267
20,female,0,13,45656
20,female,0,14,43218
20,female,0,15,42787
20,female,0,16,42227
20,female,0,17,42397
20,female,0,18,14600
20,female,1,0,144518
20,female,1,1,50464
20,female,1,2,50304
20,female,1,3,50484
20,female,1,4,49948
20,female,1,5,49676
20,female,1,6,49716
20,female,1,7,49344
20,female,1,8,49798
20,female,1,9,49659
20,female,1,10,49852
20,female,1,11,50285
20,female,1,12,49448
20,female,1,13,45979
20,female,1,14,43197
20,female,1,15,43007
20,female,1,16,42250
20,female,1,17,42372
20,female,1,18,14916
20,female,2,0,144420
20,female,2,1,50491
20,female,2,2,50022
20,female,2,3,50798
20,female,2,4,50420
20,female,2,5,49736
20,female,2,6,49900
20,female,2,7,49919
20,female,2,8,49692
20,female,2,9,49572
20,female,2,10,49854
20,female,2,11,49354
20,female,2,12,49948
20,female,2,13,45254
20,female,2,14,43263
20,female,2,15,43253
20,female,2,16,42585
20,female,2,17,42312
20,female,2,18,14617
20,female,3,0,144210
20,female,3,1,50354
20,female,3,2,50420
20,female,3,3,50849
20,female,3,4,49862
20,female,3,5,50017
20,female,3,6,50003
20,female,3,7,50077
20,female,3,8,49628
20,female,3,9,49899
20,female,3,10,50074
20,female,3,11,49803
20,female,3,12,49800
20,female,3,13,45540
20,female,3,14,43372
20,female,3,15,42607
20,female,3,16,42700
20,female,3,17,42329
20,female,3,18,14975
21,male,0,0,148247
21,male,0,1,50291
21,male,0,2,50019
21,male,0,3,50498
21,male,0,4,49866
21,male,0,5,49153
21,male,0,6,49677
21,male,0,7,49643
21,male,0,8,49890
21,male,0,9,49529
21,male,0,10,49681
21,male,0,11,49648
21,male,0,12,49342
21,male,0,13,45459
21,male,0,14,42670
21,male,0,15,42656
21,male,0,16,41879
21,male,0,17,41681
21,male,0,18,15317
21,male,1,0,148629
21,male,1,1,49815
21,male,1,2,50108
21,male,1,3,50720
21,male,1,4,49901
21,male,1,5,49559
21,male,1,6,49719
21,male,1,7,49915
21,male,1,8,49618
21,male,1,9,49515
21,male,1,10,49590
21,male,1,11,49511
21,male,1,12,49529
21,male,1,13,44969
21,male,1,14,42443
21,male,1,15,42106
21,male,1,16,41838
21,male,1,17,41619
21,male,1,18,15329
21,male,2,0,148496
21,male,2,1,50043
21,male,2,2,49515
21,male,2,3,50562
21,male,2,4,49836
21,male,2,5,49476
21,male,2,6,49409
21,male,2,7,49800
21,male,2,8,49526
21,male,2,9,49572
21,male,2,10,49507
21,male,2,11,49338
21,male,2,12,49282
21,male,2,13,45453
21,male,2,14,42483
21,male,2,15,42118
21,male,2,16,41490
21,male,2,17,41798
21,male,2,18,15142
21,male,3,0,148881
21,male,3,1,50026
21,male,3,2,49468
21,male,3,3,50588
21,male,3,4,50473
21,male,3,5,49820
21,male,3,6,49502
21,male,3,7,49713
21,male,3,8,49537
21,male,3,9,49564
21,male,3,10,49692
21,male,3,11,49695
21,male,3,12,49456
21,male,3,13,45506
21,male,3,14,43019
21,male,3,15,42384
21,male,3,16,41865
21,male,3,17,41740
21,male,3,18,15368
21,female,0,0,148214
21,female,0,1,49906
21,female,0,2,50058
21,female,0,3,50227
21,female,0,4,50087
21,female,0,5,49336
21,female,0,6,49712
21,female,0,7,49183
21,female,0,8,49668
21,female,0,9,49787
21,female,0,10,49482
21,female,0,11,49503
21,female,0,12,49022
21,female,0,13,45240
21,female,0,14,42708
21,female,0,15,42273
21,female,0,16,41657
21,female,0,17,41816
21,female,0,18,15131
21,female,1,0,149254
21,female,1,1,50141
21,female,1,2,50112
21,female,1,3,50253
21,female,1,4,49787
21,female,1,5,49453
21,female,1,6,49383
21,female,1,7,49040
21,female,1,8,49616
21,female,1,9,49349
21,female,1,10,49593
21,female,1,11,50010
21,female,1,12,49228
21,female,1,13,45562
21,female,1,14,42704
21,female,1,15,42497
21,female,1,16,41769
21,female,1,17,41789
21,female,1,18,15450
21,female,2,0,149179
21,female,2,1,50284
21,female,2,2,49730
21,female,2,3,50632
21,female,2,4,50188
21,female,2,5,49442
21,female,2,6,49625
21,female,2,7,49649
21,female,2,8,49479
21,female,2,9,49253
21,female,2,10,49626
21,female,2,11,49046
21,female,2,12,49712
21,female,2,13,44866
21,female,2,14,42753
21,female,2,15,42751
21,female,2,16,42085
21,female,2,17,41789
21,female,2,18,15067
21,female,3,0,148922
21,female,3,1,50115
21,female,3,2,50199
21,female,3,3,50594
21,female,3,4,49651
21,female,3,5,49595
21,female,3,6,49726
21,female,3,7,49797
21,female,3,8,49345
21,female,3,9,49605
21,female,3,10,49716
21,female,3,11,49564
21,female,3,12,49494
21,female,3,13,45260
21,female,3,14,42811
21,female,3,15,42008
21,female,3,16,42147
21,female,3,17,41807
21,female,3,18,15502
22,male,0,0,153191
22,male,0,1,50053
22,male,0,2,49770
22,male,0,3,50168
22,male,0,4,49663
22,male,0,5,48883
22,male,0,6,49405
22,male,0,7,49316
22,male,0,8,49597
22,male,0,9,49260
22,male,0,10,49418
22,male,0,11,49377
22,male,0,12,49030
22,male,0,13,45110
22,male,0,14,42188
22,male,0,15,42128
22,male,0,16,41418
22,male,0,17,41109
22,male,0,18,15821
22,male,1,0,153324
22,male,1,1,49574
22,male,1,2,49877
22,male,1,3,50436
22,male,1,4,49776
22,male,1,5,49170
22,male,1,6,49524
22,male,1,7,49611
22,male,1,8,49429
22,male,1,9,49166
22,male,1,10,49259
22,male,1,11,49239
22,male,1,12,49248
22,male,1,13,44599
22,male,1,14,42026
22,male,1,15,41523
22,male,1,16,41324
22,male,1,17,41082
22,male,1,18,15829
22,male,2,0,153501
22,male,2,1,49798
22,male,2,2,49273
22,male,2,3,50377
22,male,2,4,49613
22,male,2,5,49189
22,male,2,6,49151
22,male,2,7,49546
22,male,2,8,49184
22,male,2,9,49303
22,male,2,10,49202
22,male,2,11,49085
22,male,2,12,48992
22,male,2,13,45004
22,male,2,14,42041
22,male,2,15,41647
22,male,2,16,40906
22,male,2,17,41267
22,male,2,18,15625
22,male,3,0,153612
22,male,3,1,49819
22,male,3,2,49137
22,male,3,3,50372
22,male,3,4,50184
22,male,3,5,49464
22,male,3,6,49267
22,male,3,7,49395
22,male,3,8,49339
22,male,3,9,49302
22,male,3,10,49393
22,male,3,11,49372
22,male,3,12,49243
22,male,3,13,45091
22,male,3,14,42458
22,male,3,15,41880
22,male,3,16,41301
22,male,3,17,41196
22,male,3,18,15851
22,female,0,0,153036
22,female,0,1,49615
22,female,0,2,49805
22,female,0,3,49950
22,female,0,4,49876
22,female,0,5,49112
22,female,0,6,49412
22,female,0,7,48895
22,female,0,8,49417
22,female,0,9,49509
22,female,0,10,49210
22,female,0,11,49145
22,female,0,12,48791
22,female,0,13,44890
22,female,0,14,42245
22,female,0,15,41814
22,female,0,16,41051
22,female,0,17,41280
22,female,0,18,15654
22,female,1,0,154018
22,female,1,1,49851
22,female,1,2,49913
22,female,1,3,50066
22,female,1,4,49572
22,female,1,5,49130
22,female,1,6,49065
22,female,1,7,48814
22,female,1,8,49327
22,female,1,9,49074
22,female,1,10,49239
22,female,1,11,49744
22,female,1,12,49030
22,female,1,13,45133
22,female,1,14,42262
22,female,1,15,41947
22,female,1,16,41217
22,female,1,17,41239
22,female,1,18,15995
22,female,2,0,154027
22,female,2,1,50064
22,female,2,2,49561
22,female,2,3,50257
22,female,2,4,49994
22,female,2,5,49137
22,female,2,6,49337
22,female,2,7,49398
22,female,2,8,49151
22,female,2,9,48999
22,female,2,10,49336
22,female,2,11,48761
22,female,2,12,49440
22,female,2,13,44534
22,female,2,14,42259
22,female,2,15,42201
22,female,2,16,41527
22,female,2,17,41301
22,female,2,18,15532
22,female,3,0,153679
22,female,3,1,49872
22,female,3,2,49880
22,female,3,3,50320
22,female,3,4,49516
22,female,3,5,49308
22,female,3,6,49463
22,female,3,7,49464
22,female,3,8,49138
22,female,3,9,49251
22,female,3,10,49459
22,female,3,11,49217
22,female,3,12,49263
22,female,3,13,44862
22,female,3,14,42335
22,female,3,15,41472
22,female,3,16,41630
22,female,3,17,41292
22,female,3,18,15977
23,male,0,0,157982
23,male,0,1,49894
23,male,0,2,49464
23,male,0,3,49910
23,male,0,4,49429
23,male,0,5,48644
23,male,0,6,49102
23,male,0,7,49001
23,male,0,8,49391
23,male,0,9,48983
23,male,0,10,49119
23,male,0,11,49159
23,male,0,12,48727
23,male,0,13,44756
23,male,0,14,41727
23,male,0,15,41637
23,male,0,16,40853
23,male,0,17,40587
23,male,0,18,16329
23,male,1,0,158133
23,male,1,1,49254
23,male,1,2,49708
23,male,1,3,50140
23,male,1,4,49628
23,male,1,5,48871
23,male,1,6,49287
23,male,1,7,49346
23,male,1,8,49126
23,male,1,9,48920
23,male,1,10,48986
23,male,1,11,48918
23,male,1,12,48980
23,male,1,13,44272
23,male,1,14,41469
23,male,1,15,41002
23,male,1,16,40795
23,male,1,17,40515
23,male,1,18,16309
23,male,2,0,158240
23,male,2,1,49558
23,male,2,2,49066
23,male,2,3,50077
23,male,2,4,49363
23,male,2,5,48939
23,male,2,6,48901
23,male,2,7,49267
23,male,2,8,48998
23,male,2,9,49049
23,male,2,10,48872
23,male,2,11,48732
23,male,2,12,48790
23,male,2,13,44643
23,male,2,14,41556
23,male,2,15,41125
23,male,2,16,40361
23,male,2,17,40728
23,male,2,18,16086
23,male,3,0,158405
23,male,3,1,49572
23,male,3,2,48887
23,male,3,3,50132
23,male,3,4,49979
23,male,3,5,49183
23,male,3,6,48978
23,male,3,7,49160
23,male,3,8,49088
23,male,3,9,49040
23,male,3,10,49082
23,male,3,11,49166
23,male,3,12,48995
23,male,3,13,44700
23,male,3,14,41977
23,male,3,15,41329
23,male,3,16,40798
23,male,3,17,40610
23,male,3,18,16345
23,female,0,0,158039
23,female,0,1,49343
23,female,0,2,49588
23,female,0,3,49635
23,female,0,4,49678
23,female,0,5,48806
23,female,0,6,49099
23,female,0,7,48681
23,female,0,8,49165
23,female,0,9,49168
23,female,0,10,48977
23,female,0,11,48878
23,female,0,12,48523
23,female,0,13,44505
23,female,0,14,41791
23,female,0,15,41251
23,female,0,16,40513
23,female,0,17,40779
23,female,0,18,16134
23,female,1,0,158795
23,female,1,1,49569
23,female,1,2,49715
23,female,1,3,49794
23,female,1,4,49351
23,female,1,5,48846
23,female,1,6,48824
23,female,1,7,48506
23,female,1,8,48975
23,female,1,9,48916
23,female,1,10,48911
23,female,1,11,49432
23,female,1,12,48763
23,female,1,13,44784
23,female,1,14,41676
23,female,1,15,41461
23,female,1,16,40618
23,female,1,17,40754
23,female,1,18,16465
23,female,2,0,159076
23,female,2,1,49774
23,female,2,2,49365
23,female,2,3,49978
23,female,2,4,49841
23,female,2,5,48884
23,female,2,6,49000
23,female,2,7,49090
23,female,2,8,48830
23,female,2,9,48770
23,female,2,10,49023
23,female,2,11,48574
23,female,2,12,49097
23,female,2,13,44166
23,female,2,14,41750
23,female,2,15,41720
23,female,2,16,40996
23,female,2,17,40785
23,female,2,18,16033
23,female,3,0,158518
23,female,3,1,49683
23,female,3,2,49595
23,female,3,3,50170
23,female,3,4,49211
23,female,3,5,49096
23,female,3,6,49148
23,female,3,7,49211
23,female,3,8,48823
23,female,3,9,48985
23,female,3,10,49157
23,female,3,11,48895
23,female,3,12,49052
23,female,3,13,44443
23,female,3,14,41858
23,female,3,15,40992
23,female,3,16,41120
23,female,3,17,40749
23,female,3,18,16438
